Date,Florida,Colorado,Texas,California,Ohio,Minnesota,Montana,Massachusetts,Arizonia,Rhode Island,Maine,Virginia,New York,Alabama,West Virginia,Georgia,Oklahoma,Vermont,Nevada,Mississippi,Michigan,Indiana,North Carolina,New Mexico,Pennsylvania,Utah,Arkansas,Kentucky,Maryland,Louisiana,Wyoming,Tennessee,Connecticut,Idaho,Illinois,South Carolina,South Dakota,New Jersey,Washington,New Hampshire,Alaska,Delaware,Hawaii,Iowa,Kansas,Missouri,Nebraska,Oregon,North Dakota,Wisconsin
1/1/1988,7532,587,2475,11581,1703,1119,35,1626,1902,273,576,2763,2353,659,89,2591,253,177,904,360,1769,1064,1844,424,3787,367,262,578,2346,385,38,1279,1124,166,2088,867,113,2206,1621,771,42,438,251,344,402,1145,236,558,29,1089
2/1/1988,7904,823,2992,11486,1961,1524,40,1767,2062,322,569,4257,3005,816,108,4120,352,362,1004,464,2123,1520,3846,603,3552,486,413,685,3078,391,34,1945,1173,250,2241,1446,81,2717,1678,693,43,482,324,344,589,1299,252,768,36,926
3/1/1988,9858,870,3018,12104,2220,1840,37,2325,2087,357,605,4332,3876,802,108,3961,329,329,1006,417,2717,1796,3639,483,4989,455,425,773,2921,477,36,1934,1628,268,2757,1443,82,5105,1824,1067,29,430,413,375,646,1491,391,749,30,1285
4/1/1988,8937,853,2951,12201,2280,1782,46,1561,2000,334,538,4023,3207,788,102,3673,303,346,942,391,2442,1685,3230,446,3903,507,413,779,3181,449,48,1932,1347,247,2725,1352,89,2666,1752,643,31,417,434,412,571,1277,265,690,70,1246
5/1/1988,9748,792,2892,12598,2409,1723,44,1841,2108,264,439,4132,2930,850,96,3716,331,296,1068,346,2564,1621,3391,441,3767,456,436,738,2590,453,40,1895,1005,234,2746,1332,77,2706,1652,621,32,514,383,367,574,1413,227,711,80,1154
6/1/1988,11335,833,3019,13446,2625,1808,54,1754,2051,346,611,4177,3128,847,111,4276,399,305,727,404,2603,1661,3382,449,4015,502,399,766,3246,482,40,1880,1458,240,2920,1439,102,2897,1717,633,42,563,539,374,663,1535,277,754,98,1243
7/1/1988,9406,870,2839,12575,2473,1372,43,1677,1925,316,539,4028,2961,801,111,3714,272,264,952,354,2428,1559,2724,443,3462,474,380,703,2936,402,40,1589,1224,198,2820,1313,89,2806,1737,614,39,462,675,361,566,1244,254,755,59,1211
8/1/1988,10760,798,2929,13943,2438,1705,45,1579,1966,318,525,4548,2772,757,101,3754,348,353,977,388,2691,1553,3482,406,3926,455,382,747,3232,415,42,1685,1198,221,2834,1432,102,2957,1850,552,44,440,501,369,618,1342,277,770,69,1263
9/1/1988,9781,779,3096,14025,2382,1705,52,1561,1809,267,493,4057,2777,761,90,3444,375,330,1798,371,2553,1743,3418,475,3703,430,389,813,3409,403,68,1671,889,234,2818,1348,92,3001,1883,526,63,494,446,434,628,1532,294,720,74,1300
10/1/1988,9042,748,2757,13655,2147,1537,43,1573,1723,308,412,3695,2857,666,103,3312,356,263,1033,379,2511,1517,3205,437,3465,481,348,694,3045,437,39,1511,599,246,2863,1349,87,2591,1809,507,39,499,302,305,558,1318,288,782,59,1175
11/1/1988,8076,831,3126,17729,2313,1757,41,1501,1875,252,350,4206,2828,734,104,3469,376,225,1143,420,2582,1490,3268,446,3835,478,402,816,3005,392,39,1743,864,245,2823,1391,61,2385,2054,638,39,529,436,403,577,1327,351,828,77,1250
12/1/1988,8159,697,3656,13112,2280,1931,50,1575,1777,272,508,4555,2868,877,120,3551,359,419,1330,418,2577,1910,3255,468,3775,467,466,791,2953,461,38,1609,1107,238,3236,1452,111,1959,1907,476,46,566,312,457,765,1648,367,796,78,1543
1/1/1989,9262,741,3038,13572,2330,1442,32,1466,1616,305,508,4411,2712,706,116,3200,389,288,1138,388,2452,1484,3345,402,3419,455,414,774,2685,434,22,1789,971,186,2741,1308,84,2401,1954,468,28,450,511,438,620,1355,345,846,72,1213
2/1/1989,8170,750,2902,13549,2035,1332,26,1420,1592,267,480,3792,2708,629,106,3164,367,228,2182,313,2543,1483,2661,377,3416,395,244,672,2584,485,20,1532,878,203,2366,1235,41,1981,1750,432,35,378,514,401,392,842,210,774,60,985
3/1/1989,9784,792,3184,12736,2347,1363,46,1356,1735,243,436,3289,2731,659,95,3080,340,332,1134,375,2514,1582,2654,388,3024,478,361,658,2619,422,38,1572,752,238,2398,1235,70,1839,1907,460,34,437,474,341,540,1229,328,791,50,1065
4/1/1989,8800,667,2957,13020,2298,1535,50,1326,1707,246,473,3717,3063,678,95,2894,356,273,1177,362,2460,1479,2856,428,3913,439,417,676,2538,406,37,1504,723,250,2443,1111,95,2177,1989,618,34,331,502,382,546,1241,321,835,54,1187
5/1/1989,10264,728,2974,13972,2150,1589,48,1204,1581,244,421,3836,2528,691,115,3010,371,273,888,398,2537,1654,2912,440,3230,452,369,669,2545,426,48,1539,708,353,2463,1269,114,2372,2066,465,33,328,447,386,539,1247,341,992,59,1358
6/1/1989,9998,770,2931,12624,2127,1566,41,1180,1678,217,399,3647,2632,704,86,2756,370,294,1324,337,2540,1634,3097,425,2924,467,372,748,2727,405,42,1445,590,300,2328,1227,78,2253,2076,366,44,416,817,456,538,1185,331,897,59,1189
7/1/1989,8129,721,2968,13220,2178,1519,38,1064,1588,195,422,3200,2323,629,89,2788,360,227,1338,396,2607,1603,3116,348,3046,477,346,724,2754,309,46,1570,575,305,2357,1210,91,1542,1981,351,29,372,489,403,555,1143,292,827,80,1254
8/1/1989,9941,774,3071,13463,2373,1694,50,1137,1893,234,430,3450,2313,643,103,3445,376,219,1355,380,2468,1732,3204,440,3201,514,405,792,2489,422,51,1777,627,328,2390,1290,83,2174,2202,449,35,414,626,413,551,1163,288,950,60,1303
9/1/1989,8937,839,2940,13532,2515,1637,40,1186,1662,235,384,3217,2334,662,108,2915,349,205,1393,399,2822,1675,2728,408,3130,523,396,745,3328,444,50,1685,622,350,2679,1181,92,2575,2274,405,33,527,515,444,550,1175,352,1046,54,1218
10/1/1989,8134,796,2978,14367,2550,1683,49,1014,1623,209,351,3421,2136,680,152,3102,357,229,1251,343,2869,1726,3035,446,3033,466,416,920,2023,414,43,1746,693,331,2662,1153,134,1924,2494,406,58,428,567,436,624,1184,324,993,75,1361
11/1/1989,7682,757,3095,14291,2666,1669,48,1145,1721,318,493,3490,2281,787,101,3088,423,244,1745,392,2769,1702,3124,406,2863,489,411,747,2886,552,51,1770,628,328,2761,1307,165,1966,2652,347,47,416,513,449,634,1468,309,1079,67,1281
12/1/1989,7065,792,3103,15099,1577,1332,42,1017,1595,203,341,2673,2024,640,70,2467,336,251,1486,284,2216,1411,2477,446,3111,439,329,563,2398,341,37,1477,578,336,2014,984,72,2874,2284,414,33,315,324,417,540,1207,286,1085,55,1292
1/1/1990,7758,953,3287,13252,2772,1756,52,1162,1841,222,334,3340,2500,700,114,3120,398,256,1343,351,2854,2024,3000,471,3063,489,508,925,2672,459,50,1891,524,388,3124,1362,309,2301,3126,280,43,432,572,508,595,1303,425,1214,58,1401
2/1/1990,6844,735,3011,12127,2672,1799,36,1246,1665,295,506,3238,2199,713,163,2741,341,249,1355,315,2525,1823,3014,345,3075,542,422,846,2875,397,45,1650,568,339,2789,1318,95,1385,2651,373,39,451,509,459,504,1190,333,1022,88,1506
3/1/1990,7994,742,2931,11438,2682,1643,58,1073,1560,209,379,3036,2163,704,124,3167,374,202,1376,358,2723,1614,3170,499,3060,529,506,812,2478,431,40,1641,551,394,2615,1299,122,2264,2488,306,43,390,402,506,512,1127,306,1306,32,1411
4/1/1990,7320,777,2878,9773,2400,1502,48,987,1550,190,316,2671,1798,656,105,2903,350,172,1233,358,2710,1666,2718,455,2795,492,389,721,2055,398,45,1504,464,360,2341,1359,94,1081,2374,271,49,428,484,429,531,1137,277,1139,62,1300
5/1/1990,8069,863,3614,9323,2450,1521,76,929,1909,205,310,2544,1865,606,102,2839,352,172,1256,385,2499,1602,2660,465,2631,574,390,791,2290,456,50,1625,457,394,2368,1400,104,1145,2377,291,69,405,536,492,524,1040,308,1168,65,1350
6/1/1990,7287,856,3220,8510,2405,1598,47,944,1591,194,272,2506,1753,632,123,2882,343,160,1236,363,2540,1668,2968,439,2616,513,447,701,2300,444,48,1567,448,364,2323,1253,99,1005,2226,260,46,362,422,416,528,1072,306,1109,62,1326
7/1/1990,7492,851,2980,8577,2320,1674,67,863,1533,188,278,2456,1700,648,108,2682,339,196,1238,322,2487,1724,2623,446,2514,551,414,731,1897,472,43,1465,455,392,2215,1324,106,1063,2303,256,57,323,338,446,517,1186,359,1148,61,1274
8/1/1990,8110,942,3177,8175,2358,1601,63,903,1601,170,272,2340,1760,671,112,2789,427,163,1337,352,2465,1701,2566,498,2364,559,389,701,2012,483,34,1371,421,372,2340,1244,108,875,2219,257,55,335,320,477,521,1130,311,1140,64,1309
9/1/1990,5794,799,2854,6996,2118,1499,53,787,1414,157,287,2472,1708,603,123,2628,319,154,1106,301,2119,1492,2558,424,1903,503,356,594,1560,420,32,1322,440,310,2005,1200,92,847,1977,258,63,299,467,370,459,949,272,974,66,1241
10/1/1990,6652,883,3163,6723,2190,1506,60,832,1475,156,302,2070,1764,636,122,2527,389,181,1126,310,2139,1515,2390,337,2574,531,399,568,2096,454,44,1325,423,359,1965,1138,92,899,1931,254,66,320,479,415,572,1008,294,1135,72,1187
11/1/1990,5137,876,2921,5996,1877,1368,63,802,1361,179,275,2072,1611,704,197,2483,351,158,992,303,2036,1526,2389,424,2163,517,384,610,1859,457,40,1317,413,378,1847,1130,109,995,1757,226,53,297,403,428,450,881,348,853,64,1310
12/1/1990,4491,810,2776,4968,1493,1154,51,744,1178,289,238,1741,1519,564,81,2342,328,104,892,310,1797,1308,2045,353,1839,499,258,554,1759,437,35,1261,407,417,1683,1145,89,918,1442,191,35,229,516,423,403,818,323,606,54,1083
1/1/1991,4978,856,2820,5645,1718,1740,65,712,1486,144,220,1848,1229,534,92,2469,325,89,1074,228,1683,1254,2195,388,1976,575,307,543,1724,390,35,1230,388,339,1393,963,108,901,1660,228,62,307,318,401,277,559,326,793,29,1003
2/1/1991,4965,950,2991,5948,2060,1466,80,704,1509,148,208,1919,1437,576,101,3035,378,118,870,286,2109,1550,2367,426,2060,592,431,510,1519,478,37,1351,356,443,1779,1111,121,850,1886,219,67,281,355,497,471,1012,327,856,77,1145
3/1/1991,5698,879,2898,6527,1937,1362,58,738,1532,140,225,2235,1472,627,120,2534,397,87,1055,303,2098,1519,2394,383,2270,552,314,723,1804,431,40,1299,383,378,1862,1139,115,848,1793,158,82,295,406,429,476,973,301,812,71,1168
4/1/1991,6945,1113,3374,7277,2383,1561,66,971,1732,175,317,2481,2066,663,141,2943,464,156,1159,316,2624,1765,3048,390,2835,782,364,750,1785,559,32,1516,564,418,2247,1274,126,1061,2019,252,72,345,274,498,556,1176,381,999,85,1409
5/1/1991,7016,1096,3560,6838,2476,1622,72,899,1841,183,284,2895,1991,682,130,3060,448,174,1198,283,2584,1766,2978,427,2488,651,416,806,2025,523,36,1588,496,561,2295,1165,121,1015,2255,243,80,351,419,499,566,1261,407,1009,62,1330
6/1/1991,6602,952,3188,5461,2339,1478,78,905,1744,175,265,2338,1806,642,121,2614,444,142,1946,431,2269,1644,2720,409,2623,583,411,728,1664,495,39,2325,475,417,2197,1181,128,1117,2280,259,68,291,312,473,486,1119,303,881,56,1344
7/1/1991,7214,1200,3943,6778,2521,1538,80,1096,1972,216,249,2750,1909,712,143,3079,475,166,994,363,2504,2044,2944,477,2742,755,483,971,2053,620,68,1649,528,473,2487,1273,143,988,2489,238,88,364,446,667,633,1267,371,1082,79,1370
8/1/1991,6603,932,3463,6075,2390,1422,68,994,1838,191,265,2451,1928,733,139,2805,464,130,938,312,2488,1730,2729,404,2607,600,439,734,1978,572,54,1480,513,467,2188,1173,127,1387,1976,200,71,310,348,533,510,1229,410,1005,83,1304
9/1/1991,5683,1037,3537,6034,2305,1450,97,985,2003,216,278,2415,1798,715,124,3198,473,162,923,346,2502,1641,3043,439,2678,682,490,659,1985,619,50,1506,544,492,2077,1448,149,1230,2119,211,63,295,335,544,563,1186,366,958,73,1408
10/1/1991,6577,1074,3819,6182,2665,1560,83,1076,2075,187,311,2654,1953,745,107,3073,449,173,1083,384,2428,1868,3137,626,3018,725,419,857,1934,739,51,1590,504,522,2147,1331,139,1478,2186,286,60,302,335,571,597,1172,419,1113,93,1479
11/1/1991,4919,1164,3600,5904,2361,1389,93,977,1958,172,254,2408,1762,693,132,2706,457,110,1069,342,2402,1511,3141,442,2674,696,396,765,1905,498,48,1540,424,430,2090,1044,97,1246,2208,216,63,336,300,718,503,887,344,1043,51,1329
12/1/1991,5729,1321,3819,5751,2025,1578,121,978,1751,176,287,2665,1760,748,161,3193,571,125,2396,381,2377,1814,2963,402,2454,837,442,793,1947,652,73,1658,493,512,1952,1191,142,1239,2323,223,74,371,457,518,678,1224,392,1374,102,1286
1/1/1992,5966,1345,4040,6558,2786,2069,129,1141,2296,225,322,2881,1948,821,153,3569,591,151,1442,424,2630,2164,4034,474,2965,782,489,901,2549,665,55,1802,598,687,2916,1331,249,1362,2506,242,78,318,415,630,747,1581,447,1064,242,1827
2/1/1992,5895,1809,4625,6681,2959,2123,185,1149,2328,184,329,2847,2106,844,151,3597,602,114,1118,430,2883,2585,3867,506,3045,838,450,1136,2228,670,94,2153,479,635,2706,1425,242,1378,2533,297,69,360,413,676,753,1538,466,1001,96,1899
3/1/1992,7125,1520,4215,5657,2718,1949,124,1289,2294,217,291,2931,2040,835,133,3584,582,140,943,396,2767,2139,3750,509,3071,961,503,856,2469,655,81,1929,667,599,2578,1360,178,1406,2597,257,81,372,473,709,640,1453,482,1084,167,1835
4/1/1992,7739,1567,4329,7371,2680,1820,124,1203,2159,191,293,2954,1919,831,147,3599,599,151,1103,410,2736,2107,3559,550,2943,995,474,957,2683,737,81,1847,662,661,2554,1380,157,1132,2503,253,75,357,464,519,668,1430,451,1103,114,1689
5/1/1992,7192,1463,3912,6000,2812,1540,110,1234,2106,180,286,2744,1719,829,135,3274,477,151,885,439,2688,2061,3202,484,2973,894,468,771,2364,720,48,1688,581,543,2354,1324,161,985,2354,243,72,318,389,543,703,1427,406,1019,106,1601
6/1/1992,8046,1577,4387,6589,2727,1774,124,1263,2235,168,276,2919,1715,809,140,3623,553,158,973,396,2835,2070,3063,549,2777,1087,482,935,4475,764,64,1768,678,606,2628,1294,155,895,2467,337,99,315,301,635,660,1407,421,1172,112,1653
7/1/1992,8074,1667,4526,6227,2860,1810,137,1345,2477,237,287,2970,1870,854,141,3715,603,158,1123,414,2695,2169,3645,544,3008,1005,521,930,2146,782,61,1862,644,598,2667,1403,120,970,2507,285,79,466,377,643,649,1385,459,1126,93,1723
8/1/1992,6498,1349,4129,5579,2637,1817,138,1179,2376,168,281,2794,1878,799,152,3359,532,143,1118,362,2574,1854,3147,513,2766,1057,477,860,1529,673,54,1829,542,585,2469,1261,141,876,2276,268,71,364,682,555,641,1402,320,1027,101,1580
9/1/1992,7112,2119,4794,6162,2941,1895,134,1247,2638,160,267,3092,1911,894,149,3641,645,161,1098,460,3151,2329,3837,574,2913,1100,554,1042,2051,775,81,2072,605,609,2892,1530,169,1232,2548,267,87,391,244,642,639,1567,461,1317,104,1700
10/1/1992,7047,2125,4678,6011,2800,1980,154,1268,2600,195,275,3046,1760,912,225,3931,631,136,1358,478,2840,2261,3604,579,2916,1103,569,976,1884,863,90,2016,669,824,2734,1463,157,898,2613,270,81,355,365,664,600,1575,450,1207,93,1701
11/1/1992,6160,1727,4545,5792,2951,1767,142,1240,2842,200,302,2944,1974,835,167,3438,574,171,1275,413,2501,1858,3213,612,3129,1055,552,1010,2093,836,78,1943,668,610,2447,1262,165,1027,2438,322,94,325,386,581,556,1224,352,1210,89,1804
12/1/1992,7620,2072,5321,8241,3236,1965,146,1337,2617,210,391,3271,1993,1016,139,3808,650,167,1081,409,2749,2428,3934,590,3345,1094,609,1054,2273,763,53,2333,646,620,2753,1472,248,1093,2469,307,94,340,450,576,830,1712,440,1247,113,2114
1/1/1993,6251,1891,4402,6032,3219,1913,76,1310,1993,190,291,3388,1949,948,163,3585,532,182,971,449,2768,2294,3800,564,3666,858,576,1093,2204,756,111,2220,634,537,2956,1335,176,634,1973,376,98,342,455,616,565,1419,408,1066,206,1864
2/1/1993,6611,1769,4591,5607,2891,1895,98,1323,2618,269,284,3441,1784,924,162,4072,537,163,1635,580,2737,2167,3871,512,3152,1040,552,1045,2212,809,38,2222,862,595,2755,1654,142,1321,2234,276,104,374,363,499,517,1246,419,1283,77,1781
3/1/1993,8548,2114,4749,6566,2574,1919,142,1022,2649,201,241,2954,1519,810,136,3548,717,122,1434,482,2597,2027,3551,546,2688,1105,536,893,1876,902,60,1994,597,631,2619,1303,168,1081,2435,278,150,352,389,579,693,1426,478,1199,120,1648
4/1/1993,8247,1881,4767,6069,2808,1887,163,1296,2850,189,266,3077,1788,865,143,3826,580,113,1477,503,2617,2129,4809,564,3067,1189,509,937,2352,784,75,2385,605,648,2657,1382,175,1149,2384,226,109,386,493,604,660,1437,474,1289,128,1608
5/1/1993,8320,1754,4641,5227,2574,1753,128,1310,2421,188,252,3122,1913,853,179,3826,617,146,1450,472,2499,2125,2659,551,2698,1207,513,885,1895,697,71,2123,636,634,2710,1223,154,1084,2297,248,83,359,275,652,581,1341,425,1212,130,1604
6/1/1993,8872,2115,4718,6073,3064,1789,152,1322,2752,203,296,3294,1922,992,168,4140,684,144,1610,516,2670,2299,3602,749,3359,1366,635,1044,2188,762,86,2470,635,697,2852,1385,162,1234,2500,252,101,445,438,702,812,1568,487,1359,124,1660
7/1/1993,8852,2120,5166,5397,2939,1801,135,1253,2788,177,285,3214,1875,1001,170,4167,675,136,1773,501,2933,2145,3820,612,3022,1361,558,1056,2383,747,89,2401,659,697,2785,1413,159,1231,2590,336,108,379,226,611,651,1467,400,1164,97,1745
8/1/1993,8767,2186,5048,5648,3008,1809,209,1371,2819,191,262,3563,1800,848,171,4588,720,151,1716,551,2778,2238,3920,762,3210,1297,578,1078,2190,860,102,2438,728,725,2996,1555,173,1137,2652,254,119,457,407,714,782,1537,471,1247,127,1776
9/1/1993,8463,2177,5516,6127,3227,1999,172,1509,3277,219,292,3424,1914,1077,261,4272,734,154,1924,568,3101,2385,4006,689,3298,1798,575,1155,2286,961,96,2616,685,742,2932,1425,165,2078,2814,264,126,373,294,707,839,1621,458,1394,135,1869
10/1/1993,8004,2223,5149,5490,2878,1872,161,1439,3213,232,285,3498,1911,1004,167,4327,640,157,1730,515,3056,2404,4219,701,3234,1394,553,1083,2491,797,94,2691,625,733,3203,1584,181,2087,2705,273,126,360,346,699,782,1741,468,1233,129,1878
11/1/1993,7338,2500,5721,6459,3271,2131,161,1499,3388,197,326,3890,1926,1143,184,4701,755,180,1801,690,3488,2569,5089,692,3300,1755,612,1092,2301,954,87,2626,701,880,3460,1689,164,1825,2986,294,124,370,341,724,899,1900,500,1497,138,2184
12/1/1993,8765,2429,6015,6439,3094,2198,180,1464,3711,190,430,3537,2170,1095,181,5215,732,154,1933,737,3449,2493,4646,735,3587,1553,711,1133,2415,978,118,2537,736,882,3489,1487,206,1654,2975,310,145,386,216,721,945,1979,483,1393,93,2138
1/1/1994,7699,2578,6311,6304,2929,1793,196,1269,3578,237,227,3129,1294,1148,206,4217,833,130,1764,679,2932,2101,3886,748,1877,1654,712,990,1931,1114,206,2033,597,893,3263,1687,150,1428,3113,331,111,381,315,584,834,1762,473,1427,22,1554
2/1/1994,7509,2655,6068,6682,2944,1732,205,1239,3731,146,308,3242,1361,1168,222,4590,751,168,1950,764,2873,2351,4065,821,2545,1358,717,1082,2150,1056,144,2521,439,709,2669,1656,177,1477,2719,283,190,305,348,534,928,1752,368,1422,106,1720
3/1/1994,9370,2752,6656,6993,3333,1986,194,1278,3755,168,336,3479,1644,1225,302,5275,726,109,2342,755,3296,2627,4294,981,2853,1493,790,1195,2072,1119,133,2732,634,829,3441,1802,273,1960,2890,316,117,435,257,843,926,1845,442,1414,124,1905
4/1/1994,8134,2548,6111,6015,3054,1865,206,1402,3452,195,335,3275,1874,1281,269,4806,677,168,1970,703,3186,2342,4063,812,3056,1372,705,1010,2035,865,140,2476,727,760,3165,1663,177,1795,2829,382,127,347,182,851,794,1628,456,1367,139,1835
5/1/1994,8501,2450,6037,6902,3079,1858,207,1370,3642,183,353,3623,1880,1263,261,4844,710,183,2061,656,3208,2330,4215,768,3517,1287,831,1279,2114,1108,147,2545,722,739,3493,1760,199,1876,2777,340,159,436,441,743,851,1741,506,1297,126,1950
6/1/1994,8947,2412,6136,6750,3087,1863,182,1426,3619,215,392,3584,2038,1254,291,4692,673,183,1970,710,3210,2440,4361,749,3367,1289,664,1248,2231,974,129,2499,704,710,3192,1728,211,2126,2681,355,129,383,330,650,822,1794,496,1343,154,1934
7/1/1994,8208,2156,5347,5248,2951,1726,167,1451,3126,196,413,3213,2061,920,278,3608,620,191,1691,604,2831,2183,3734,752,3307,1060,611,1097,1924,810,130,2032,703,651,3118,1505,205,2087,2653,331,109,409,383,644,740,1655,329,1222,150,1789
8/1/1994,9426,2312,5884,7134,2893,1810,153,1431,3396,203,424,3217,2002,1190,272,4694,544,201,1693,726,3227,2391,4434,730,3166,1236,653,1203,2216,1071,128,2522,678,654,3314,1648,216,1848,2728,375,111,424,358,620,796,1647,443,1399,93,1852
9/1/1994,8643,2391,5566,6467,2907,1771,150,1393,3145,207,390,3496,1887,1082,287,4750,620,167,1991,679,3120,2356,4186,753,3058,1131,542,1155,2225,976,121,2235,716,653,3167,1639,178,1684,2637,373,112,418,455,583,848,1622,507,1288,139,1767
10/1/1994,6939,2107,5205,6381,2762,1620,154,1307,3635,175,357,2866,1735,998,288,4565,588,156,1895,637,2982,2143,3985,678,2797,1164,581,1097,1986,881,103,2258,644,619,3049,1452,183,1666,2461,309,120,325,404,544,793,1501,365,1303,116,1673
11/1/1994,6076,2248,5816,6227,2966,1762,167,1419,3297,194,327,3072,1781,1087,288,4665,598,161,1917,625,3155,2251,4153,734,3125,1094,692,1177,1898,984,127,2642,679,568,3088,1561,235,2078,2362,364,80,386,543,597,789,1603,441,1204,172,1809
12/1/1994,6748,2195,6115,5766,2762,1625,150,1505,3243,209,345,3009,2087,1129,311,4741,561,191,1699,719,3187,2331,4321,729,3092,1062,545,1175,2224,929,126,2400,679,526,2994,1602,124,2083,2036,362,111,406,374,630,677,1553,426,1363,137,1814
1/1/1995,6501,2280,5278,5171,2435,1358,164,1372,3005,171,243,2763,1793,1070,280,4613,537,155,1723,600,2977,1989,4121,737,2765,1326,538,1019,2015,923,113,2197,695,572,2727,1643,189,1489,2252,341,180,394,342,569,744,1439,373,1271,123,1741
2/1/1995,6021,2180,5293,6358,2302,1453,143,1098,2772,148,333,2417,1452,957,229,4183,571,173,1696,554,2766,2063,3653,688,2233,1322,559,804,1905,936,78,2207,483,541,2721,1445,209,1329,2309,294,148,260,323,626,655,1451,384,1214,84,1567
3/1/1995,7572,2012,5234,4506,2718,1471,138,1373,3003,180,335,3373,1910,1030,265,4575,569,181,1643,551,2992,2234,3991,681,2610,1049,573,1123,2014,862,103,2313,648,582,3066,1644,160,1432,2150,323,112,331,262,517,675,1469,386,1264,95,1609
4/1/1995,6513,1984,4907,4960,2369,1360,134,1103,2832,154,352,2340,1726,921,222,4345,426,166,1579,543,2854,1962,3384,607,2472,1086,569,932,1933,760,92,2114,577,481,2474,1422,165,1331,1998,316,140,361,183,520,611,1228,303,1164,96,1545
5/1/1995,7496,2208,5593,5733,2752,1649,154,1216,3470,180,359,2581,1662,1058,241,4873,571,152,2282,597,3144,2227,3955,723,2592,1229,623,995,1800,880,81,2346,584,639,2892,1623,228,1485,2314,320,122,363,292,552,689,1415,330,1386,134,1705
6/1/1995,7797,2338,5797,5471,2766,1734,154,1163,3600,174,357,2790,1758,1051,269,5108,778,138,1734,636,3186,2232,3847,845,2476,1184,597,960,1714,1054,109,2286,550,681,3027,1638,162,1407,2473,300,154,341,597,559,704,1563,391,1248,112,1762
7/1/1995,6869,2522,5701,5297,2534,1781,149,1132,3409,159,310,2811,1416,998,261,4965,627,133,1780,639,2978,2328,3915,677,2481,1291,548,1058,1847,955,98,2487,585,651,2891,1898,159,1259,2115,315,135,350,369,719,865,1543,450,1258,116,1674
8/1/1995,7678,2615,6343,7481,2937,2050,152,1187,3792,189,320,3489,1735,1136,270,5479,732,163,1997,648,3418,2563,4674,787,2855,1427,600,1181,2259,998,117,2778,717,801,3058,1612,187,1573,2308,338,153,348,231,586,929,1716,467,1309,127,1825
9/1/1995,10126,2491,6193,5635,2752,1784,152,1171,3353,172,349,2860,1667,1177,287,5145,673,167,1748,661,3152,2389,4180,698,2674,1322,590,1083,1607,1013,122,2604,606,704,3101,1518,202,1519,2028,330,142,398,330,593,694,1551,462,1301,112,1725
10/1/1995,6603,2616,6383,5870,3070,1849,138,1149,3516,159,362,3158,1823,1196,274,5210,773,223,1930,659,3241,2488,4179,723,2699,1347,673,1200,2305,1032,118,2545,655,669,3139,1631,176,1513,2400,343,198,388,281,609,749,1645,480,1421,117,1798
11/1/1995,5890,2959,6648,6202,2919,2227,171,1306,3932,202,362,3147,1649,1225,275,5346,784,152,1876,637,3592,2753,4578,844,2591,1530,749,1172,2169,965,173,2606,659,721,3177,1700,204,1181,2560,311,169,417,251,633,979,1676,505,1471,101,1734
12/1/1995,6020,2668,6380,6492,2352,1727,155,1090,3354,123,351,3019,1685,1218,258,5235,746,181,2379,613,3282,2471,4187,719,2365,1476,662,1110,1598,997,93,2497,673,700,2807,1555,292,1430,2933,257,145,341,242,615,661,1465,427,1347,113,1757
1/1/1996,6740,2572,7531,6381,2621,1814,120,1126,3721,154,254,2517,1370,1170,220,5540,736,155,2394,793,3394,2780,4164,687,1917,1401,671,758,1498,1290,114,2620,461,593,3291,1663,213,1346,2633,215,150,314,191,643,789,1639,502,1478,99,1730
2/1/1996,6923,2609,7194,6098,3128,1836,120,1191,3722,169,348,2940,1789,1437,289,5646,754,185,1961,736,3492,2564,4226,737,2292,1320,838,1206,1916,1064,159,2528,633,697,3234,1933,180,1506,2734,298,117,368,258,721,883,2162,497,1572,94,1893
3/1/1996,7391,2440,6888,5961,3014,1592,131,1153,3657,170,402,2895,1724,1183,260,5212,771,218,1880,690,3332,2519,4211,737,2670,1383,609,1161,2049,1093,200,2451,632,693,2805,1692,225,1520,2631,292,118,378,356,712,844,1633,471,1383,64,1792
4/1/1996,8018,2817,7247,6624,3302,2011,163,1392,3758,183,407,3180,1792,1177,291,6422,770,157,1858,711,3591,2802,4615,707,2915,1351,706,1236,1861,1132,117,2733,655,703,3360,1847,220,1537,2633,300,135,402,205,862,906,1682,510,1328,120,1913
5/1/1996,8519,2720,7184,6073,3143,1971,126,1259,3591,184,387,3239,1774,1200,265,5800,741,156,2129,715,3700,2688,4749,809,2811,1374,681,1145,2166,1131,150,2695,826,788,3095,1950,203,1620,2564,421,165,345,169,695,891,1659,590,1504,128,1962
6/1/1996,8206,2673,6357,5767,2901,1792,131,1179,3314,171,350,2993,1619,1091,240,4753,582,159,2111,627,3092,2217,4498,677,2654,1286,664,1189,1907,1034,132,2828,719,669,2845,1881,230,1356,2337,358,142,412,212,583,748,1502,479,1354,108,1783
7/1/1996,8201,2441,6790,6347,3400,1944,135,1307,3525,183,376,3063,1874,1200,268,5387,690,153,2094,696,3735,2871,4684,729,2710,1432,692,1200,1879,1028,127,2434,670,829,3160,1841,254,1659,2538,349,166,368,195,669,824,1616,526,1471,140,2106
8/1/1996,8439,2561,6638,6429,3094,1797,155,1273,3242,172,418,3107,1711,1162,240,4901,751,152,2124,635,3552,2533,4446,735,2698,1347,673,1182,1885,1049,130,2379,702,681,3132,1843,206,1674,2380,385,184,371,326,691,843,1583,430,1456,140,1834
9/1/1996,7225,2163,6252,6156,2788,1586,122,1209,3389,160,348,2769,1721,1074,222,4991,629,143,1938,619,3307,2426,3930,722,2585,1271,617,1067,1794,1008,98,2280,680,659,2984,1572,217,1720,2257,338,158,321,200,689,743,1556,376,1232,138,1749
10/1/1996,7629,2676,6696,6679,3017,1681,129,1308,3293,186,334,2965,1593,1198,358,5271,642,167,1736,693,3558,2777,4302,801,2726,1294,701,1116,1817,1089,126,2368,683,624,3072,1925,200,1687,2360,347,142,359,190,635,764,1608,450,1479,103,1821
11/1/1996,6405,2381,6225,6172,2560,1484,92,1100,3172,169,321,2925,1795,1094,246,5183,614,163,1678,704,3169,2294,4206,771,2458,1204,521,1116,1901,1047,101,2243,603,623,2899,1934,163,1812,2272,309,130,332,168,580,742,1391,429,1277,84,1663
12/1/1996,6461,2385,6538,5178,2552,1465,75,1238,3431,167,359,2752,1521,1134,243,4859,662,139,1820,627,3213,2269,4343,784,2312,1242,539,1081,1638,1005,116,2710,637,576,2693,2101,144,1734,2305,332,156,329,192,622,819,1513,493,1342,53,1448
1/1/1997,7223,2540,6376,6256,2702,1566,113,1469,3942,239,418,3130,1617,1172,264,5194,702,131,1744,632,3354,2301,4835,822,2738,1166,636,1058,1820,1064,106,2425,690,637,2639,2009,103,1798,2284,318,150,357,189,632,801,1360,459,1503,27,1608
2/1/1997,6778,2628,6083,7821,2501,1722,127,1316,3521,209,304,3182,1461,1136,234,4776,655,91,1997,586,3333,2298,4488,766,2590,1444,616,1138,1766,1066,108,2482,671,692,2554,1769,169,1649,2361,393,165,348,148,508,715,1415,420,1448,116,1485
3/1/1997,7448,2651,5765,6131,2556,1511,110,1179,3084,184,281,2799,1501,1069,240,4608,682,135,1836,610,2987,2231,4107,683,2726,1202,499,1068,1737,886,70,2338,714,637,2587,1708,175,1712,2114,315,181,345,245,535,688,1460,485,1351,74,1571
4/1/1997,8002,2543,6619,6725,2802,1575,121,1228,3537,176,317,3002,1606,1169,231,5138,629,134,2107,679,3582,2651,5148,721,2598,1267,614,1391,1705,1153,105,2814,680,683,2727,1850,190,1776,2354,359,161,346,249,937,743,1645,493,1461,66,1680
5/1/1997,7946,2815,6448,6647,2666,1640,124,1255,3429,167,355,2993,1777,1143,279,4779,698,143,1847,684,3050,2370,4610,672,2433,1282,549,1268,1650,1024,119,2335,651,678,2815,1868,219,1603,2451,348,159,365,208,610,745,1553,492,1391,98,1619
6/1/1997,8336,2477,6654,6446,2578,1721,106,1305,3283,174,322,2816,1599,1073,233,4949,652,115,1823,629,3065,2092,4475,683,2474,1245,559,1210,1842,1152,97,2355,644,670,2756,1764,211,1679,2510,351,146,323,212,761,862,1378,439,1423,98,1589
7/1/1997,7804,2716,6926,6757,2718,1644,122,1309,3585,181,354,3105,1704,1192,237,5132,683,159,2088,711,3296,2395,4681,761,2706,1160,583,1220,1934,1131,117,2506,877,730,2913,1811,201,1668,2575,362,139,343,223,614,730,1509,470,1466,95,1630
8/1/1997,7372,2476,6476,6915,2704,1559,110,1252,3677,194,391,2884,1621,1036,223,4828,582,173,1900,584,3128,2285,4191,671,2399,1158,439,1161,1645,922,103,2187,596,741,2604,1731,193,1584,2364,330,129,317,207,663,664,1326,409,1207,81,1556
9/1/1997,7488,2860,7386,7382,2860,1787,148,1316,4262,193,344,3115,1803,1157,241,5190,714,156,2042,735,3471,2438,4840,549,2698,1333,671,1366,1885,1040,118,2504,686,720,2857,1902,203,1745,2733,374,225,354,217,624,821,1618,523,1431,73,1657
10/1/1997,8062,2743,7259,8742,2739,1859,112,1383,3843,184,395,3113,1843,1117,249,5923,714,140,2040,627,3253,2375,4852,763,2767,1303,621,1330,1862,1140,114,2469,767,776,2646,2016,235,1715,2735,368,143,372,185,698,834,1468,548,1229,77,1519
11/1/1997,6324,2379,6807,6842,2426,1673,93,1140,3712,201,381,2783,1436,1091,197,4321,719,120,1740,638,3052,2284,4741,670,2444,1190,567,1140,1639,1055,106,2430,587,658,2399,1737,192,1768,2566,436,178,341,252,639,773,1413,461,1067,63,1603
12/1/1997,6853,2670,7325,6613,3721,1791,80,1378,3824,201,330,3168,1779,1085,245,5056,688,159,1855,652,3433,2536,4380,689,2778,1161,559,1365,1782,1157,115,2363,728,843,2880,1869,226,1779,2719,357,123,359,190,602,794,1408,464,1561,107,1854
1/1/1998,6904,2698,7335,6710,3227,1694,99,1452,3473,207,344,3014,1851,1094,214,5111,691,211,2036,586,3476,2582,4651,756,2877,1279,517,1592,1817,914,118,2389,759,741,2786,1663,173,2045,2531,387,162,361,217,694,778,1478,492,1253,104,1608
2/1/1998,7134,2798,7878,6754,3237,1915,121,1464,3846,200,428,2930,1862,1153,239,5386,802,133,1974,633,3598,2755,4683,700,2930,1083,554,1037,1720,1076,114,2444,826,765,3080,1828,222,1981,2559,399,174,345,234,700,861,1483,525,1463,114,2127
3/1/1998,8042,2769,7646,7722,2903,1735,141,1441,4039,220,389,3283,1894,1158,245,5645,687,163,2098,739,3705,2523,5248,528,2750,1277,704,1417,1718,1131,106,2506,830,801,2827,1926,185,1852,2672,452,178,341,188,668,805,1398,396,1488,147,1691
4/1/1998,8608,3079,7837,7494,3023,1806,123,1334,4328,218,361,3219,1808,1252,244,5574,895,154,3039,684,3536,2544,5086,762,2885,1315,712,1283,1712,1129,143,2499,774,785,3052,1906,234,1989,2720,448,210,373,217,695,923,1571,550,1387,152,1752
5/1/1998,7843,2745,7963,7072,2898,1907,118,1328,3698,174,364,2620,1738,1183,248,5380,774,145,1554,716,3397,2526,4757,925,2325,1153,687,1409,2129,1057,96,2570,768,738,2915,1799,224,1675,2527,384,144,362,213,688,819,1618,554,1267,120,1680
6/1/1998,9585,2891,8201,8000,3066,1950,111,1331,4214,202,418,3349,2109,1244,268,5527,836,176,1850,881,3568,2597,5189,754,2852,1228,568,1145,1880,1235,126,2603,800,806,3145,1916,221,2191,2641,416,150,389,200,733,880,1738,522,1362,109,1813
7/1/1998,9412,3103,8543,8191,2939,2045,122,1269,4286,222,403,3401,1684,1189,262,5767,860,147,1869,723,3509,2585,5551,769,2748,1215,597,1531,1904,1162,126,2548,823,857,2944,2114,220,2059,2567,450,176,454,229,813,854,1719,489,1550,137,1905
8/1/1998,8984,2729,8348,7691,3034,1858,96,1243,4005,202,343,3312,1739,1274,277,5890,799,155,1715,718,3243,2479,5049,765,2768,1148,558,1262,1910,1085,108,2470,752,748,2813,2038,250,1937,2416,338,167,454,199,666,809,1532,564,1394,113,1824
9/1/1998,7854,2955,8249,8182,3097,2073,142,1368,4014,180,446,3763,1949,1235,259,6342,798,161,2156,759,3615,2755,5719,858,3038,1262,656,1426,2754,1069,134,2668,820,828,2899,2124,222,1899,2547,445,147,398,194,797,857,1699,535,1413,160,1783
10/1/1998,8146,3034,8149,8099,3783,1975,142,1280,4416,233,427,3457,1897,1231,232,6062,853,167,2006,794,3782,2716,5816,817,2779,1204,592,1439,1871,1244,110,2526,755,831,2966,2106,230,2079,2478,432,171,339,200,795,855,1628,477,1439,165,1947
11/1/1998,6733,3158,8495,8029,3246,2315,156,1301,4615,223,458,3524,1862,1239,270,5912,810,160,2159,781,3823,2730,5280,807,3033,1208,607,1398,1808,1117,124,2593,786,806,2939,2073,280,1886,2456,429,165,410,199,775,836,1720,527,1360,172,1865
12/1/1998,7573,3531,9168,8040,3401,2490,133,1548,4514,214,547,4009,2235,1456,282,7211,928,188,1987,860,4629,3207,6321,903,2918,1266,638,1863,1898,1301,118,2745,913,887,3674,2589,309,2174,2360,478,199,428,257,949,1113,2021,568,1441,362,2291
1/1/1999,7685,3164,7960,7984,2809,1529,93,1271,4531,232,332,3350,2012,1239,269,5775,912,123,1564,836,2875,2225,5337,779,2576,1187,637,1156,1599,1109,133,2173,892,841,2988,2083,202,1966,2445,399,126,445,263,790,824,1444,545,1335,114,1805
2/1/1999,7810,3055,8305,8090,3296,1933,125,1263,4354,222,465,3425,2298,1235,266,6217,814,185,2631,875,3513,2892,5724,462,3226,1228,662,1395,2004,1181,128,2985,786,663,3193,2385,269,2190,2384,456,90,426,212,874,899,1725,560,1306,84,1901
3/1/1999,9712,3245,8988,8384,3368,2304,126,1462,4846,216,452,3686,2036,1386,297,6156,921,180,2059,802,4010,2945,5590,867,2949,1497,630,1514,1922,1195,136,2712,841,839,3221,2264,291,1954,2511,468,121,451,277,887,925,1789,543,1422,137,2101
4/1/1999,9036,3076,8256,8083,3323,2262,112,1415,4323,231,504,3561,2087,1315,299,5922,871,192,1896,760,3701,2921,5198,858,3028,1191,631,1451,2086,1158,116,2587,912,845,3132,2232,243,2119,2476,546,119,393,225,812,903,1655,521,1522,140,2101
5/1/1999,8948,2927,7950,8265,3266,1989,118,1253,4324,221,423,3603,1961,1306,276,5519,794,174,1983,735,3573,2628,5228,769,2855,1115,582,1346,1863,1156,137,2537,831,769,3017,2039,226,2049,2437,435,154,405,258,628,870,1534,511,1258,93,1830
6/1/1999,9785,3529,8529,10220,3511,2279,130,1296,4842,225,428,3566,2084,1457,286,6069,1085,220,2389,835,3677,2914,5678,847,3107,1190,712,1666,1828,1076,96,2582,867,940,3287,2321,242,2066,2723,430,146,415,248,830,858,1750,586,1420,114,1899
7/1/1999,9661,3121,8344,8594,3549,2062,117,1310,4194,233,443,3614,2153,1421,262,5810,952,203,2091,755,3519,2779,5309,751,2905,1210,748,1335,2306,1076,120,2652,729,783,3196,2313,259,2030,2434,451,134,399,201,896,960,1618,553,1278,115,1856
8/1/1999,9450,3071,8435,7598,3411,2272,102,1283,4100,210,383,3323,2191,1257,258,6144,934,138,2098,818,3601,2851,5287,728,2783,1183,681,1309,1963,1149,129,2566,833,805,3353,2196,221,2410,2487,418,129,383,285,1055,887,1680,572,1320,158,2001
9/1/1999,8131,3088,8474,8073,3486,2348,98,1174,4262,213,455,3413,1955,1495,288,5940,907,179,2041,735,3638,2730,5128,700,2583,1017,735,1295,1915,1140,114,2618,787,802,3560,2358,259,1973,2434,413,144,436,203,798,972,1654,560,1387,121,2121
10/1/1999,8005,2985,7376,7393,3262,2021,103,1136,3732,219,387,3116,1761,1410,225,5579,740,145,1591,669,3398,2777,4501,548,2450,1148,644,1240,1836,987,133,2679,590,792,3331,1897,249,1765,2284,393,111,387,296,650,887,1569,448,1321,125,1925
11/1/1999,7895,3124,8658,7862,3340,2220,118,1179,4016,207,440,3292,2048,1385,376,6170,850,174,2155,770,3597,2809,5148,751,2873,1286,657,1400,1993,1195,134,2865,748,791,3682,2180,269,1891,2439,463,108,385,240,904,876,1717,689,1415,135,2055
12/1/1999,7661,3398,8230,9048,3157,2311,119,1386,4235,219,519,3359,1868,1371,256,6466,933,190,2237,773,3806,2820,5229,792,2882,1260,677,1346,2059,1025,128,2453,677,772,3516,2115,242,2114,2461,482,97,407,279,795,849,1680,611,1376,167,1790
1/1/2000,7833,3087,8363,8443,3171,2271,104,1194,3963,201,485,3298,1937,1298,252,5655,789,155,2129,731,3673,2567,4555,749,2835,1266,643,1407,2056,1087,123,2368,598,779,3518,2048,304,1824,2174,405,145,367,248,803,948,1660,524,1123,154,1843
2/1/2000,8166,3120,9507,8073,3290,2282,122,1201,4091,213,410,3566,2051,1472,281,5869,834,164,2153,804,3792,2508,5101,769,2634,1375,897,1361,2066,1266,120,2678,760,823,3397,2194,340,1848,2328,469,111,407,187,796,861,1753,562,1143,138,2005
3/1/2000,9504,3005,9302,8398,3298,2503,142,1341,4105,232,498,3842,2308,1384,265,6237,775,195,2110,697,4153,2840,5598,781,3080,1199,639,1336,2282,1112,143,2245,893,781,3535,2153,306,1987,2266,499,137,392,375,942,778,1548,557,1437,150,2370
4/1/2000,8223,2853,7779,8004,3000,2632,131,1105,3909,195,447,2928,1921,1131,233,5255,723,159,1979,565,3431,2453,3862,594,2557,1174,527,1171,1711,889,128,1977,635,713,3105,1914,263,1711,2133,410,111,267,246,643,699,1420,511,1196,77,1723
5/1/2000,9509,2914,8722,8753,3202,1936,112,1116,4467,190,464,3331,1823,1526,255,6269,755,185,1951,640,3491,2532,4815,701,2845,1185,532,1256,1998,1107,106,2260,673,760,3158,2068,244,2154,2392,532,130,377,313,817,863,1624,460,1353,105,1924
6/1/2000,10402,2919,8533,8733,2944,1960,124,1191,3919,185,470,3453,1985,1283,260,5445,675,178,1876,673,3349,2544,4940,681,2627,1104,505,1212,1935,997,114,2069,666,786,2944,2018,262,1745,2209,468,126,468,344,649,742,1363,633,1357,102,1906
7/1/2000,8211,2913,8237,7305,3035,1776,109,1065,3275,183,430,3074,1852,1169,256,5362,645,160,1793,619,3228,2365,4365,652,2523,1095,527,1004,1776,1026,119,1975,612,718,3118,1853,285,1632,2020,452,136,282,240,501,711,1230,472,1105,87,1690
8/1/2000,9797,3375,8962,8803,3052,2130,146,1140,3936,162,483,3389,1968,1293,259,5722,728,181,2589,674,3389,2745,4650,653,2854,1109,634,1338,2062,1004,117,2255,658,899,3268,2135,305,1670,2645,496,150,339,323,811,731,1506,507,1446,72,1834
9/1/2000,8172,3249,8912,8776,3166,1849,123,1161,4096,175,384,3129,1847,1227,242,5459,867,146,1843,658,3340,2437,4656,664,2699,1048,487,1210,1943,1089,121,2109,644,807,3052,2065,266,1835,2248,527,123,366,272,759,729,1322,470,1385,97,1792
10/1/2000,8258,3408,8995,9249,3078,2048,126,1111,3959,171,449,3384,1978,1286,294,6150,692,169,2129,685,3402,2503,4753,630,2825,1161,735,1154,1987,1023,119,2110,661,737,2995,2151,268,1866,2390,567,138,378,312,624,749,1406,521,1213,104,2183
11/1/2000,7542,3530,9253,9758,3124,1804,125,1153,3829,173,433,3660,1994,1296,332,5942,723,179,2342,650,3390,2412,4773,688,2751,1103,604,1284,2166,965,140,2141,760,846,3271,2092,241,1909,2355,476,125,400,352,650,711,1359,484,1499,93,1957
12/1/2000,7306,3096,9025,9268,2632,1583,116,1037,3799,181,309,3114,1940,1050,217,4968,523,162,2131,512,2284,2098,4275,615,2254,1074,480,1182,2202,1023,81,2028,590,626,2296,1696,165,1679,2269,552,142,381,375,595,438,1058,458,1345,61,1645
1/1/2001,8891,3435,9501,11067,3460,2314,142,1120,4169,195,394,3588,1824,1345,284,6279,638,210,2169,638,3252,2719,5973,549,2645,1121,582,1143,1943,1031,115,2339,727,856,3449,2284,283,1798,2498,457,153,410,355,861,800,1393,544,1467,49,2196
2/1/2001,8319,3285,9020,9087,3110,1941,125,1137,4137,185,447,3501,1681,1274,273,5895,693,206,2058,711,3234,2794,5211,719,2710,1209,618,1166,1931,1034,106,2263,601,783,3136,2140,240,1634,2438,534,163,407,361,627,622,1295,461,1412,147,2040
3/1/2001,9712,3382,8999,8847,3345,2072,122,996,3876,170,368,3419,2080,1344,285,5760,836,136,2199,699,3302,2864,4909,924,2674,1248,664,1204,1942,1064,117,2284,540,852,3222,2036,266,1610,2514,421,142,424,358,686,789,1582,515,1466,106,2108
4/1/2001,10094,3094,8725,9003,3209,1881,125,1047,3850,178,398,3319,1923,1294,294,6010,852,139,2555,744,3496,2659,5000,807,2416,1057,636,1301,1826,1068,106,2330,615,788,3185,2177,281,1485,2376,452,152,367,350,747,781,1518,508,1435,117,1689
5/1/2001,11025,3300,9652,8862,3418,2302,137,1130,4088,190,544,3304,2118,1436,264,6245,834,187,2252,736,3429,2943,5325,791,2753,1211,714,1240,1891,1166,120,2310,647,894,3569,2129,293,1612,2338,465,141,397,377,763,793,1636,556,1433,128,2032
6/1/2001,10464,3214,9506,8425,3503,2068,128,1040,3854,195,446,3285,1918,1350,243,6383,891,156,2190,686,3510,2814,4896,385,2603,1159,679,1262,2040,1085,142,2335,622,795,3393,1964,294,1627,2290,489,171,415,264,721,745,1511,552,1332,120,2004
7/1/2001,10667,2919,9144,7927,3288,2216,147,1089,3862,182,460,3023,1909,1345,284,5707,812,193,2193,674,3475,2709,4972,862,2793,1190,620,1216,2024,1132,119,2179,702,756,3315,1888,254,1737,2240,475,161,371,350,697,710,1482,536,1322,97,2049
8/1/2001,10894,3188,8948,9054,3362,2106,152,1173,4245,190,471,3203,2037,1462,288,5826,851,173,2609,719,3492,2676,5369,830,2966,1229,659,1261,2017,1194,120,2372,843,805,3407,2153,270,1805,2558,508,141,389,295,699,976,1608,688,1291,98,1959
9/1/2001,8391,2714,8651,7585,2778,1831,123,1007,3959,170,448,3209,1919,1132,285,5324,688,211,2220,484,3039,2219,4642,696,2256,1130,516,1142,1790,977,112,2042,581,672,2937,1790,277,1535,2209,430,100,372,367,703,732,1411,479,1170,92,1897
10/1/2001,9691,2699,9152,8599,3093,2102,119,1065,3959,174,459,3537,2062,1355,296,5426,815,194,2211,639,2888,2423,4905,773,2767,1143,643,1310,2021,1102,110,2173,655,763,3133,2040,274,1633,2144,447,168,362,269,822,727,1523,473,1300,134,1832
11/1/2001,9405,2611,9055,8548,3309,2280,119,1070,3995,185,450,3684,1964,1521,301,5788,886,167,2238,822,3193,2573,5423,760,2636,1090,642,1301,2024,1163,114,2265,647,709,3179,2279,301,1815,2135,556,234,385,375,795,814,1666,551,1352,130,1951
12/1/2001,8583,2358,9348,8908,3229,2110,143,1063,3706,189,436,3080,2045,1362,284,5503,770,143,1778,659,3051,2451,4864,330,2621,1164,623,1283,1858,1039,104,2377,768,637,3113,1979,258,1689,2211,393,177,340,249,831,923,1483,539,1203,122,1865
1/1/2002,10819,2545,9915,9070,3843,2443,202,1330,4222,272,469,3979,2350,1584,323,5898,994,191,2170,775,3772,3079,5276,467,2869,1279,700,1498,1964,1296,123,2302,768,870,3724,2358,256,1894,2371,601,225,479,279,888,726,1756,589,1459,170,2112
2/1/2002,10681,2791,9639,9741,3526,2395,155,1175,4438,197,623,4287,2449,1810,306,6255,961,173,2141,766,3372,2655,6150,810,3520,1088,666,1414,2137,1301,168,2878,753,729,3607,2275,758,2057,2403,860,155,417,298,883,796,1784,560,1435,162,2067
3/1/2002,10842,2782,8863,9148,3177,1975,122,1041,3851,189,527,3377,2014,1461,277,5749,760,171,2225,682,3452,2347,5031,772,2699,1132,507,1243,1942,1149,114,1899,805,685,3109,2157,206,1496,2255,473,176,437,259,731,773,1338,500,1325,112,1915
4/1/2002,10000,3068,10439,9636,3375,2136,154,1127,4662,185,479,3536,2182,1560,311,6418,902,207,1907,732,3332,2623,5923,829,3010,1224,692,1361,2073,1153,149,2531,760,833,3791,2481,264,1889,2714,544,104,513,360,761,737,1738,706,1432,124,2145
5/1/2002,10475,3084,10235,9637,3470,2211,169,1171,4920,178,510,3720,2034,1508,330,6677,917,184,2035,757,3555,2682,5567,900,2925,1330,708,1320,1867,1333,145,2543,704,853,3554,2322,276,1910,2688,511,143,479,350,784,784,1487,534,1584,133,2050
6/1/2002,10541,3054,9617,9015,3176,1989,174,1030,4321,181,447,3523,2020,1458,288,5691,784,146,2027,711,3153,2422,4792,770,2854,1485,755,1290,1897,1083,152,2436,596,779,3323,2417,286,1708,2675,477,139,455,350,724,769,1587,477,1343,131,1978
7/1/2002,11059,3055,10333,10356,3268,2119,142,1102,4508,155,501,4127,2057,1587,288,6722,890,196,2249,721,3361,2577,5584,943,2806,1341,685,1413,2073,1313,132,2537,865,847,3296,2265,273,1917,2843,508,137,462,361,751,796,1828,607,1499,160,2152
8/1/2002,11501,2968,10112,10246,3132,2097,158,1082,4577,187,468,4017,1840,1470,332,6067,832,187,2190,671,3315,2567,5547,977,2758,1304,681,1316,1930,1166,137,2348,614,855,3241,2188,287,1580,2802,516,126,520,420,761,773,1620,493,1412,153,2101
9/1/2002,9710,2868,10034,9953,3027,2081,164,1116,4342,165,480,4055,2076,1426,331,6126,953,208,2361,735,3208,2577,5451,938,2980,1259,635,1405,2308,1213,135,2501,723,885,3575,2143,256,1848,2664,551,161,427,434,828,751,1778,608,1536,193,2136
10/1/2002,11474,3050,10837,12919,3553,2215,195,1064,5659,183,562,4038,2003,1690,327,6140,925,207,2891,772,3583,2811,5502,931,3152,1335,662,1355,1982,1246,158,2739,703,962,3811,2328,301,1805,3025,553,156,539,504,810,817,1768,663,1716,123,2166
11/1/2002,10004,2926,10301,10600,3445,2237,182,1096,4856,171,482,3643,1924,1535,333,5822,1193,222,2617,730,3340,2770,5458,886,2953,1339,761,1353,1918,1118,153,2439,653,874,3431,2143,269,1547,3112,479,136,519,315,906,835,1678,686,1337,185,1992
12/1/2002,9967,3021,10157,9907,3657,2482,171,1024,4629,154,523,3814,2537,1697,335,5937,953,206,2764,701,3728,2627,7128,895,3132,1430,672,1392,1839,1325,169,2458,706,1023,3995,2332,575,1710,2835,453,138,524,431,1095,797,1871,577,1744,103,2300
1/1/2003,10862,2990,10430,13376,3638,2909,202,1006,4719,136,551,3891,2023,1545,301,6254,1118,227,2547,890,3424,2631,5504,990,2870,1453,726,1388,2041,1421,155,2528,595,953,3487,2793,352,1877,3065,551,90,419,434,918,888,1708,628,1741,272,2500
2/1/2003,11181,2836,10270,10899,3178,2265,187,850,4752,123,478,3815,1661,1628,252,6359,986,219,2626,728,3199,2361,4377,861,2510,1560,638,1126,1455,1259,132,2294,597,930,3332,2297,262,1446,2902,443,173,460,489,762,783,1677,692,1689,174,1796
3/1/2003,11608,2091,10039,10251,3273,2138,144,931,4545,156,455,3704,1670,1531,321,5264,870,168,2300,675,3209,2388,4942,905,2569,1329,733,1378,1777,1118,132,2461,594,947,3339,2264,276,1572,2719,472,127,438,429,994,770,1549,732,1460,121,2001
4/1/2003,12880,2683,10445,10515,3570,2391,243,1045,4876,155,537,3982,1861,1610,318,6372,940,231,2471,817,3331,2706,5359,859,2756,1575,728,1437,1850,1374,187,2807,686,1038,3598,2506,271,1659,3258,554,142,508,386,1147,759,1711,700,1561,171,2261
5/1/2003,12965,2564,10527,10713,3257,2346,145,1023,4658,170,513,3760,2050,1580,358,5973,978,191,2438,754,3508,2663,5299,881,2661,1372,768,1401,2209,1337,140,2452,690,953,3404,2373,339,1661,2566,527,217,658,285,1008,788,1726,680,1404,169,2226
6/1/2003,13526,2667,10897,11094,3407,2541,173,1022,5240,145,496,3896,2082,1742,342,6076,1011,191,2797,747,3716,2623,5593,917,2655,1420,780,1215,2703,1432,144,2732,695,891,3869,2570,313,1734,2461,511,109,505,407,1171,922,1785,712,1456,173,2255
7/1/2003,13788,3088,12034,11289,3721,2736,193,1116,5363,168,567,4038,2058,1875,384,6872,1309,184,2953,910,3813,2946,5740,975,3232,1440,748,1482,1865,1389,170,2839,706,1137,3887,2809,370,1662,2848,515,136,608,481,1318,1008,1940,853,1572,207,2392
8/1/2003,13701,2703,11202,10588,3562,2553,179,963,5335,151,541,4091,1971,1870,381,6298,1031,164,2639,894,3485,2720,5759,957,2977,1405,957,1465,1618,1317,170,2805,666,959,3664,2332,319,1795,2771,513,136,550,378,1043,841,1806,546,1519,242,2235
9/1/2003,12547,2898,12202,12361,3805,3018,204,1077,5813,196,576,4031,2126,1950,371,7415,1038,184,3054,993,4123,2983,6081,1054,3135,1628,842,1651,1911,1461,160,2935,658,1165,3940,2756,363,1805,2861,495,118,636,385,1039,832,2003,748,1606,170,2343
10/1/2003,14072,3693,11548,13985,3863,2794,177,1171,6013,237,546,3954,2212,1771,387,7277,1124,258,2921,1016,4157,2903,6414,1149,3078,1803,888,1733,1932,1634,170,3399,745,1247,4029,2841,350,1929,2851,521,170,663,415,1078,888,1994,732,1758,176,2454
11/1/2003,10552,2793,10327,11524,3356,2552,164,1036,5472,188,517,3745,2033,1748,350,6195,962,194,2673,940,3287,2384,5284,1026,2906,1497,716,1372,1692,1395,137,2494,656,1160,3240,2335,323,1807,2683,464,152,661,490,1037,811,1822,611,1321,203,2331
12/1/2003,13068,3058,11849,12849,3637,2587,185,1205,7091,147,599,4219,2142,1923,442,7991,1168,224,3827,948,3893,2835,6330,1103,3254,1603,846,1459,2318,1483,188,2885,671,1183,3768,2949,385,1691,2911,431,170,702,489,976,1202,1946,686,1644,171,2386
1/1/2004,12327,2923,11303,13038,3458,2153,124,1100,5132,165,602,3711,1876,1858,394,6850,961,205,3251,910,3608,2746,5980,1021,2798,1479,811,1403,2073,1281,161,2906,704,910,4027,2529,389,1667,2656,535,150,511,528,930,858,1798,656,1490,164,2298
2/1/2004,12964,2804,11640,12234,3515,2573,147,1102,5369,160,565,3708,2151,1899,412,6674,1040,163,3135,868,3993,2745,5831,1228,3103,1489,762,1508,1714,1204,204,3082,700,1067,3777,2629,415,1756,2764,550,153,706,345,803,856,1829,674,1522,98,2419
3/1/2004,15418,3285,12306,13146,3885,2593,193,1256,6652,180,668,4595,2279,1975,392,7597,1112,260,2840,1063,3956,2766,6900,1071,4376,1607,779,1816,1774,1528,199,3254,820,1145,4026,3026,499,1785,2873,594,154,745,476,1079,928,2066,687,1754,277,2338
4/1/2004,15923,3271,12116,12524,3473,2832,181,1228,6046,175,785,3875,2113,2111,427,7116,1090,237,3500,973,3924,2662,6326,1078,4095,1644,739,1286,1897,1467,191,3092,742,1082,3739,2750,433,1971,2970,578,179,448,617,1096,988,1881,810,1681,191,2294
5/1/2004,16196,3331,11448,12048,3198,2431,169,1108,6032,163,616,3653,1963,1958,381,6616,1038,218,3993,754,3459,2455,5918,1004,3117,1561,815,1511,1650,1403,195,3046,646,1090,3489,2837,291,1848,3180,496,136,617,409,1125,808,1968,800,1625,196,2075
6/1/2004,18002,3058,11903,11822,3474,2696,190,1252,6312,161,702,3821,1928,2047,457,7201,1108,279,3307,902,3511,2764,6572,1115,3424,1604,760,1505,1880,1572,186,3077,753,1304,3780,2806,347,1865,3232,530,158,683,510,1084,845,2032,752,1799,239,2354
7/1/2004,17186,3159,11747,11964,3289,2537,213,1182,7601,171,552,3912,1960,2053,463,6790,1092,203,3220,979,3687,2706,6586,994,2775,1675,861,1453,1694,1520,268,3226,758,1213,3878,2869,359,1687,3038,560,172,657,513,1031,833,1846,653,1728,198,2377
8/1/2004,15029,3006,11727,13023,3498,2630,186,1136,6470,174,530,4032,2076,1969,364,6971,1071,172,2764,880,3452,2522,6378,955,2590,1887,762,1505,1728,1626,190,2978,797,1141,4220,2931,363,1893,2870,500,158,676,512,1021,912,1950,757,1921,188,2322
9/1/2004,13079,3543,12440,13119,3342,2586,208,1141,6689,160,642,4817,1938,2008,396,8063,1203,203,2984,934,3863,2641,6248,1093,2620,1735,980,1595,1880,1636,230,3201,773,1283,3964,3111,261,1824,3245,495,148,615,461,1004,1065,2016,675,1954,160,2346
10/1/2004,14726,3013,11678,12416,3101,2446,148,981,6752,136,574,3977,1822,1731,379,6599,1079,209,2442,834,3426,2491,6195,1042,2481,1762,850,1535,2013,1573,180,3066,643,1257,3183,2732,409,1638,3061,570,106,688,426,952,653,1905,708,1620,169,2031
11/1/2004,13048,2921,11769,13210,3245,2643,261,1134,6882,152,750,3975,2117,2098,419,6708,1087,234,3375,843,3711,2984,6260,1129,3057,1953,822,1440,2063,1783,207,3003,1061,1359,3775,3254,443,1804,3322,583,138,668,390,1041,767,1795,731,1851,150,2420
12/1/2004,13750,3280,12452,12336,3432,2579,279,1112,6643,143,852,4234,2601,2476,430,7311,1404,256,2862,960,3860,2963,6884,1052,2794,1709,959,1491,1947,1587,268,3249,749,1702,4055,3378,401,1903,3198,559,147,608,425,1027,893,2544,787,2371,401,2738
1/1/2005,14913,3390,12313,11423,3386,2076,353,1097,6368,117,610,3843,1797,1982,449,7354,1082,170,2054,948,3615,2431,6497,1088,2506,1941,914,1450,1700,2117,204,3149,665,1403,3570,3301,329,1715,3423,532,138,613,444,879,738,2190,691,2055,65,2245
2/1/2005,15241,3383,12980,11663,3934,2285,246,1107,6436,153,706,3763,1716,1907,384,6755,1175,194,3009,841,6140,2546,6621,1090,2888,1910,888,1550,1991,1618,213,3079,777,1666,4035,3262,412,1727,3195,492,115,670,526,1025,981,2089,706,1956,170,2218
3/1/2005,18391,3422,12430,12743,3693,2412,301,1160,6109,133,612,4098,1608,1945,451,7319,1302,171,2758,963,3236,2654,6636,1039,2614,2036,936,1622,2231,1588,215,3095,680,1570,3875,3277,423,1800,3483,513,193,604,840,1140,913,2186,841,2006,206,2263
4/1/2005,18073,3303,12974,12736,3811,2534,332,1056,6464,152,607,4137,1943,1884,403,6801,1249,207,2632,855,3430,2656,7024,1044,2710,1938,905,1606,2222,1538,224,3148,654,1452,3937,3201,390,1721,3199,488,135,681,524,1085,907,2358,681,2045,176,2187
5/1/2005,17311,3008,12684,11861,3611,2617,353,1196,6253,157,667,4388,1924,1927,416,7266,1220,304,2879,844,3210,2646,6605,1130,2987,2014,820,1513,2030,1459,220,3193,877,1413,3913,3280,356,1599,3112,624,136,539,606,940,880,1916,763,1882,133,2251
6/1/2005,19836,3324,13459,12121,3734,2515,290,1232,6513,178,653,4530,2145,1924,477,7267,1286,222,3245,1016,3421,2515,7120,1036,3217,1973,850,1445,2174,1758,213,3412,779,1513,4110,4074,371,1702,3116,478,140,630,520,1117,1026,1947,811,2067,152,2321
7/1/2005,16675,3307,13156,12610,3751,2553,260,1169,5740,163,620,4218,2022,1871,377,7112,1267,198,3262,860,3043,2406,6905,1071,3343,1723,952,1562,1458,1560,216,3023,669,1443,4155,3070,394,1764,3049,433,106,599,522,1089,1021,1675,807,1907,154,2208
8/1/2005,20044,3306,14383,12334,3874,2538,331,1358,6613,157,711,4173,2069,1972,491,8095,1316,220,3802,1057,3331,2729,7597,1129,3355,2048,899,1402,2185,1703,234,3598,761,1768,4146,3812,388,1704,3573,652,139,612,449,1202,933,1996,850,2167,201,2382
9/1/2005,19375,3574,14533,15367,3869,2603,387,1232,7187,157,717,4356,2600,2161,520,7881,1356,245,3634,740,3217,2724,7727,1112,3585,2279,1002,1252,1877,1612,232,3531,775,1661,4253,3867,452,1766,3505,569,157,618,765,1209,1064,1929,827,2122,236,2480
10/1/2005,15201,3413,14721,12055,3717,2504,375,1235,6891,153,609,3994,1910,2173,360,7825,1338,196,3663,1062,2921,2726,7402,1123,3142,2047,873,1312,2086,1553,226,3238,512,1599,3704,3800,353,1691,3327,456,127,561,514,1207,1015,2004,1086,1990,215,2083
11/1/2005,15022,3711,15744,11479,4016,2496,383,1129,6968,128,649,4273,2075,2309,412,7996,1473,146,3618,1151,3094,2815,7547,1195,3576,2193,1046,1351,2257,2050,257,3607,637,1707,4616,4084,460,1744,4112,517,138,556,591,1112,1268,2113,764,2065,162,2256
12/1/2005,14404,3396,15321,10480,3535,2114,346,1038,6991,147,637,4035,1903,2057,409,7879,1350,218,3528,1157,2759,2510,7070,1171,2883,2256,1340,1266,2077,1585,216,3112,657,1579,4494,4117,405,1690,3521,520,266,617,551,807,818,1908,736,2053,138,2245
1/1/2006,16079,3491,15388,10689,3360,2487,450,1216,6490,175,656,3938,1930,2275,534,7168,1372,229,3113,1051,2877,2691,7399,1129,3494,2168,1056,1194,1995,1572,235,3565,661,1717,4439,3862,465,1751,3068,426,141,599,495,991,1107,1922,728,1921,121,2262
2/1/2006,16409,3269,13937,10966,3549,2501,353,1418,5468,160,657,3854,2093,1996,483,7352,1314,233,3200,1087,2830,2732,7463,1110,3118,1868,987,1074,2148,1856,255,3416,708,1661,4297,3696,405,1676,3220,529,135,488,567,971,993,1843,759,1901,140,2267
3/1/2006,18710,3010,14480,9442,3397,2412,322,1247,5503,138,618,3795,2106,2171,494,7302,1226,247,2982,1140,2620,2382,7485,1301,3576,2027,821,1080,2002,2087,212,3443,697,1371,3834,3988,436,1757,2997,544,149,472,514,945,871,1665,678,1867,177,2172
4/1/2006,14414,2571,12750,9521,2965,1833,287,1026,4928,114,615,3478,1780,1810,287,6667,1233,164,2329,1101,2151,1961,6486,970,2932,1669,906,977,1774,1463,175,2634,626,1411,3466,3311,390,1358,2849,423,134,446,439,806,827,1608,578,1712,175,1844
5/1/2006,14914,2754,14511,9888,3223,1942,315,945,5644,114,527,3449,1764,2026,417,7403,1263,216,2325,1210,2879,2015,7650,1007,2889,1831,736,1305,1809,1656,218,3491,639,1518,3584,3569,370,1545,2813,449,155,518,432,880,855,1656,556,1916,152,1866
6/1/2006,13805,2656,14197,9150,2809,1929,311,931,4481,129,570,3115,1675,1903,367,7270,1173,222,2079,1257,2200,2028,6623,888,2585,1995,867,1210,1547,1709,218,3205,606,1154,3127,3406,391,1468,2880,491,172,464,422,791,815,1442,723,1823,198,1788
7/1/2006,11261,2245,12021,7567,2610,1559,257,826,3551,117,477,2783,1569,1849,341,6737,1123,180,1822,1121,2087,1767,5984,884,2361,1716,797,1061,1089,1515,188,3003,549,1249,2989,3173,333,1447,2351,337,107,350,371,831,748,1561,551,1611,162,1523
8/1/2006,11481,2460,13417,7605,2630,1711,310,781,4004,136,534,2936,1533,2174,346,6738,1149,232,2249,1082,1822,1860,6721,880,2692,1816,808,1189,1477,1813,232,3126,538,1241,3129,3340,321,1345,3144,386,133,469,497,771,776,1490,527,1576,168,1635
9/1/2006,8802,2303,12453,7281,2766,1562,268,844,3608,92,425,2781,1562,1800,346,5972,974,170,1491,1050,1749,1681,6369,844,2433,1783,639,1030,1643,1607,219,2895,522,1070,2735,3065,330,1209,2593,359,97,407,394,764,701,1282,475,1581,149,1398
10/1/2006,8563,2187,12540,6368,2666,1611,248,813,3437,189,557,2787,1597,1830,344,6712,959,162,1610,1130,1871,1704,7217,791,2849,1950,683,938,1315,1685,303,2965,543,1009,2611,3036,337,1232,2686,445,110,340,535,821,677,1241,486,1509,133,1599
11/1/2006,7812,2214,12075,7227,2457,1443,261,854,3820,154,494,3039,1503,1719,343,6395,1005,178,1476,1102,1778,1611,5979,756,2477,1937,853,1039,1351,1787,216,3086,499,1023,2602,2774,243,1250,2595,327,101,357,366,674,691,1361,580,1548,141,1699
12/1/2006,6858,2012,11126,5947,2415,1511,287,782,3705,105,486,2529,1583,1911,329,5605,983,124,1577,1031,1621,1904,6600,745,2591,1826,684,1086,1450,3000,221,2941,501,1010,2405,2742,344,1158,2140,369,88,360,496,790,612,1273,561,1421,236,1477
1/1/2007,6929,1963,11469,7867,2757,1478,305,853,4117,158,499,2719,1660,1743,300,5890,1022,157,1649,1056,1693,2112,7161,755,2853,1919,657,1215,1409,1346,246,2716,539,1172,2852,3398,347,1202,2865,446,101,421,519,783,680,1322,532,1608,158,1532
2/1/2007,7073,1884,11510,7385,2012,1212,336,744,4221,92,480,2731,1201,1787,328,5271,961,150,1571,1235,1479,1548,6080,776,1975,1801,739,1271,1264,1319,189,2727,437,949,2237,2970,340,1198,2698,332,112,423,343,666,647,1254,505,1535,362,1374
3/1/2007,8280,1991,10816,7598,2248,1351,318,709,4163,132,502,2734,2203,1752,288,5402,1125,194,1724,998,1599,1738,6373,814,2370,1567,715,1055,1156,1398,257,2767,399,1161,2431,2767,359,1117,2909,343,77,431,458,708,808,1405,527,1457,188,1468
4/1/2007,7275,1953,10224,6088,2058,1226,287,776,3377,129,438,2570,1537,1609,303,4857,963,158,1730,917,1422,1694,5829,781,2755,1476,635,1009,1057,1477,222,2601,499,912,2120,2709,326,1065,2529,281,113,399,420,743,655,1216,562,1469,168,1511
5/1/2007,7601,2074,10639,5811,2630,1407,337,844,3486,124,440,2760,1528,1616,362,4621,1078,139,1564,933,1521,1782,6213,763,2578,1568,687,950,1472,1466,220,2705,469,933,2415,2837,315,1150,2702,343,81,400,493,733,764,1296,581,1541,190,1476
6/1/2007,7407,1901,9220,5141,2198,1223,261,674,3091,129,458,2622,1276,1588,298,4268,848,127,1226,748,1395,1694,5473,831,2435,1457,554,875,1198,1238,212,2282,444,889,2216,2410,295,1122,2472,333,73,356,348,759,529,1234,520,1304,175,1380
7/1/2007,6404,1972,9516,5410,2173,1227,266,713,2847,107,490,2529,1433,1506,326,4247,984,138,1093,851,1396,1627,5391,754,2559,1489,575,774,1428,1395,180,2639,499,1021,2068,2617,273,1033,2345,354,82,323,315,767,526,982,547,1512,160,1421
8/1/2007,5969,1784,9358,5053,2124,1127,247,708,2804,113,444,2378,1347,1531,268,4095,1027,134,1126,880,1437,1613,5487,733,2447,1493,598,705,1417,1313,273,2343,433,716,1994,2546,316,1297,2239,310,84,287,453,727,600,1076,519,1280,166,1309
9/1/2007,4633,1364,8701,4062,1763,1006,233,633,2167,112,360,2042,1205,1239,242,3530,966,97,984,726,1236,1301,4988,455,2132,1036,447,707,930,1266,164,1979,424,700,1651,2218,269,815,2011,298,70,289,259,657,579,992,575,980,143,1235
10/1/2007,4507,1676,9144,4220,1884,1018,285,694,2202,98,432,2162,1496,1280,279,3518,1003,117,1877,685,1218,1439,5047,567,2223,1111,487,786,1058,1273,174,2240,408,789,1822,2100,273,913,2098,265,122,283,287,617,501,1080,548,1149,183,1254
11/1/2007,3612,1376,8546,3829,1987,925,244,630,2045,110,257,2153,1256,1475,302,3179,905,117,1152,712,1158,1525,4838,476,2031,1001,517,797,837,1156,193,1780,435,687,1595,2181,333,905,1928,244,87,302,316,665,760,966,415,966,210,1175
12/1/2007,3510,1090,6950,3723,1688,687,244,758,1681,126,303,1806,1067,1087,262,2486,759,85,492,623,965,1147,3988,392,1857,624,509,665,789,1332,132,1620,344,655,1506,1774,272,759,1395,236,74,221,233,564,538,842,392,810,160,1144
1/1/2008,4198,1210,7920,3158,1835,787,191,536,1852,72,304,2174,1199,1157,355,2809,854,115,563,641,1026,1228,4450,495,1817,670,501,683,802,1258,183,1670,420,649,1477,2051,228,955,1760,343,79,281,260,606,513,1133,490,785,108,1107
2/1/2008,3719,1199,7859,3019,1349,721,244,508,1932,86,278,1930,1162,1170,233,2850,798,110,576,687,806,1152,4310,506,1945,725,435,525,775,1096,171,1527,353,609,1268,1843,264,882,1718,231,65,251,237,572,430,709,389,829,159,968
3/1/2008,3893,1058,6418,2773,1156,618,179,418,1692,50,298,1825,952,1087,192,2414,681,124,428,628,610,890,3529,464,1704,673,378,606,877,1007,178,1260,357,590,1000,1675,236,791,1511,220,62,226,250,482,389,627,392,656,132,779
4/1/2008,3910,1199,7546,3004,1587,742,194,490,1772,86,271,1695,1097,1087,214,2581,712,86,686,619,971,1191,3672,458,1694,690,412,624,832,1308,197,1549,268,624,1310,2220,362,957,1625,242,55,242,240,542,470,673,423,805,184,1040
5/1/2008,3831,1131,7122,2840,1480,895,160,459,1735,82,246,1609,1081,1078,185,2454,681,69,711,612,837,1087,3677,461,1697,812,563,576,672,979,169,1417,251,600,1160,1949,306,734,1509,175,57,211,199,549,396,637,369,770,156,1008
6/1/2008,3904,1047,6771,2930,1479,718,199,445,1544,60,214,1656,1131,928,189,2082,655,106,768,579,920,1007,3331,430,1308,630,436,529,781,896,158,1320,224,641,1063,1762,269,671,1398,200,57,232,239,266,349,628,388,741,106,879
7/1/2008,3910,996,6916,2760,1374,779,177,454,1539,87,239,1650,1138,884,177,1847,671,100,726,567,786,1111,3614,401,1597,618,418,552,714,946,178,1219,265,491,1103,1697,343,744,1435,201,60,254,239,413,406,615,429,727,152,1054
8/1/2008,3232,1102,6098,2318,1241,638,179,453,1307,65,237,1553,1106,779,200,1587,625,103,590,435,573,935,2922,399,1535,532,298,464,668,735,136,1012,253,489,906,1442,154,721,1214,182,43,228,164,421,368,474,363,574,113,817
9/1/2008,2930,1010,6099,2445,1353,721,178,453,1222,66,253,1541,1046,902,172,2072,631,108,654,455,715,935,3201,348,1437,545,420,527,726,756,160,1622,282,502,1046,1447,260,690,1418,182,56,216,206,509,513,496,404,614,143,833
10/1/2008,2727,929,5879,2488,1284,658,135,312,1019,75,225,1870,922,740,176,1546,557,65,548,398,770,852,2631,353,1327,578,374,474,663,720,170,1072,218,404,866,1179,165,696,1121,164,47,195,68,448,373,434,413,480,145,803
11/1/2008,1809,551,4299,2038,1057,470,121,338,840,60,209,1125,779,655,127,986,481,47,348,311,607,761,1940,249,1088,629,263,378,571,637,76,810,145,279,768,1026,111,526,947,103,36,140,110,366,299,383,338,387,133,686
12/1/2008,1725,550,4356,1811,952,456,114,300,839,94,155,1260,870,674,93,996,546,87,249,356,438,701,1856,288,1065,383,275,413,561,762,135,958,169,316,641,917,150,599,911,89,35,217,172,394,201,354,330,351,159,546
1/1/2009,1694,535,4318,1398,812,332,110,329,697,31,174,1014,940,477,96,1042,452,84,280,408,377,524,1565,344,1077,345,266,294,457,859,90,858,133,212,548,878,174,522,813,99,32,140,131,448,248,324,301,361,7,369
2/1/2009,1948,609,4567,1594,872,430,101,327,598,26,159,1349,701,655,128,1087,621,33,233,340,412,704,1893,243,845,305,265,389,638,971,93,960,131,264,916,1000,132,501,879,113,34,168,170,463,295,430,334,307,30,588
3/1/2009,2002,464,4855,1629,726,387,97,322,702,40,186,1136,632,605,132,993,506,53,248,321,369,680,1881,255,1091,449,287,362,470,842,81,746,102,285,505,1004,138,496,813,104,45,187,140,326,260,320,296,454,11,546
4/1/2009,1940,599,4795,2099,879,406,76,316,913,33,176,1488,746,692,75,1093,522,67,317,486,462,786,1921,390,1080,523,314,391,606,792,84,824,150,343,636,1091,169,550,937,120,37,207,133,370,252,422,339,469,79,501
5/1/2009,2202,584,4996,1890,826,620,107,322,993,65,217,1321,742,638,137,998,566,60,301,277,498,764,2160,285,1017,517,290,419,524,875,111,717,184,312,618,950,248,606,977,116,45,226,127,391,301,425,417,481,170,621
6/1/2009,2860,669,5951,2095,868,587,165,379,1228,66,202,1319,822,751,143,1251,664,67,336,738,505,834,2307,305,1193,602,359,452,879,914,102,1033,206,371,707,1276,206,604,1065,131,55,196,167,438,365,501,529,507,204,799
7/1/2009,2817,687,6487,1978,1019,618,153,397,1476,58,257,1532,807,937,167,1346,625,57,524,513,617,887,2432,434,1507,764,361,628,703,932,119,1066,184,518,872,1257,224,561,1179,143,55,251,163,527,393,552,421,487,185,780
8/1/2009,2484,618,6000,2128,896,603,110,352,1096,64,188,1355,800,737,154,1202,577,110,460,385,600,886,2192,365,1258,589,371,532,600,1013,124,1075,176,461,673,1208,255,588,1208,126,47,244,183,466,289,540,386,499,185,815
9/1/2009,2525,706,6296,2250,858,672,123,389,1155,58,234,1516,834,756,173,1366,557,68,555,396,622,832,2361,354,1282,697,420,437,733,984,112,1114,183,449,751,1374,198,674,1217,164,51,266,190,506,278,578,267,517,182,812
10/1/2009,2568,688,5889,2244,824,647,122,430,1288,78,219,1393,827,722,166,1301,694,122,488,404,577,937,2212,355,1261,648,377,492,637,951,82,1042,166,399,748,1156,200,676,1191,185,49,273,163,410,336,540,334,491,157,653
11/1/2009,2029,553,5667,2224,894,658,145,412,1313,102,224,1311,746,771,124,1207,636,60,457,440,621,939,2295,350,1296,585,438,484,707,801,103,1164,201,430,763,1191,271,663,1185,135,60,230,176,512,281,529,364,430,166,613
12/1/2009,2446,750,6296,2514,1052,646,112,625,1376,55,270,1435,874,786,140,1307,897,72,537,438,684,994,2601,377,1800,711,390,531,819,957,109,1245,191,449,779,1383,215,673,1346,192,65,261,142,510,327,580,388,572,137,805
1/1/2010,2732,775,5755,2305,971,460,140,421,1240,71,166,1371,818,756,142,1219,499,93,495,391,614,959,2537,321,1480,636,384,460,714,775,116,1129,227,423,648,1171,234,645,1266,159,50,221,157,507,310,514,396,514,50,783
2/1/2010,2874,1070,6122,2415,1070,677,116,441,1165,78,365,1094,1101,771,86,1151,624,726,621,376,754,976,2303,373,1515,707,428,445,638,858,105,874,268,456,828,1277,266,709,1368,170,77,258,174,543,304,575,457,582,65,812
3/1/2010,3468,989,6689,2415,1045,816,158,500,1346,63,232,1670,966,905,135,1560,806,60,700,398,746,1004,2974,402,1491,841,429,619,801,1035,183,1236,232,554,745,1485,251,720,1581,180,56,299,134,570,339,676,358,572,196,830
4/1/2010,3126,699,5969,2207,950,689,147,478,935,56,248,1583,806,739,151,1291,612,86,455,513,662,876,2411,372,1292,708,432,528,734,940,113,1052,223,450,778,1218,209,653,1273,176,62,205,172,538,320,508,451,518,273,735
5/1/2010,2671,648,5371,1649,800,534,119,390,786,61,273,1241,806,542,95,998,506,85,387,284,534,800,2089,318,1287,563,349,459,723,780,84,1204,195,291,658,1031,154,580,974,160,80,188,203,397,271,387,229,465,184,683
6/1/2010,2646,690,5413,2065,859,545,108,596,769,91,249,1419,795,647,188,1095,592,55,393,355,641,830,2143,347,1395,458,356,368,652,788,108,891,167,313,670,1034,217,604,1246,225,47,220,127,513,490,467,342,416,153,649
7/1/2010,2487,703,4946,1972,993,534,126,422,778,54,217,1366,774,581,103,1103,532,75,412,264,559,768,2006,329,1207,498,300,422,608,771,113,855,177,270,598,1005,175,670,1069,115,64,189,139,413,269,437,258,432,140,606
8/1/2010,2628,698,4880,1832,788,535,107,425,810,55,236,1432,852,577,100,1067,535,49,409,309,651,737,2030,289,1142,545,282,450,676,778,85,794,187,215,576,945,157,569,1096,169,72,176,130,340,258,549,304,454,135,588
9/1/2010,2271,713,4891,1976,775,475,108,495,827,68,201,1405,719,599,108,1091,582,70,324,335,615,785,1997,316,1343,585,341,424,663,855,99,933,221,277,609,946,189,615,1127,124,65,202,164,478,319,440,317,497,161,569
10/1/2010,2047,718,4539,1629,801,495,113,331,834,56,213,1231,737,595,102,1011,464,76,386,347,632,723,1833,292,1186,526,299,354,580,899,185,863,222,310,531,977,203,551,1107,142,62,182,164,480,253,428,312,418,154,627
11/1/2010,1854,740,5179,1785,755,508,107,468,785,54,216,1266,1062,606,113,1134,549,103,319,310,1027,840,1906,317,1278,544,276,426,742,858,80,913,214,282,762,978,167,616,1206,167,54,201,140,645,359,582,321,504,214,591
12/1/2010,2069,737,5318,2774,790,478,105,489,750,58,301,1003,1162,688,105,1153,542,116,446,347,609,723,1830,313,3625,552,438,369,639,918,127,904,188,251,552,1021,187,609,1153,174,49,187,157,539,303,490,306,475,131,587
1/1/2011,2067,658,4908,1925,840,470,82,398,767,36,193,1230,747,568,109,1117,522,44,360,313,663,623,1800,267,1844,519,287,369,785,854,108,856,167,251,573,983,130,596,1376,129,105,187,147,448,195,335,307,548,135,610
2/1/2011,2110,623,4571,1771,783,456,112,240,801,42,114,1213,635,617,125,1092,531,73,353,497,604,695,1890,224,1035,465,251,415,659,730,70,834,150,289,584,1017,140,488,1059,116,47,176,126,459,267,436,299,372,99,571
3/1/2011,2732,739,5490,1909,821,490,111,358,983,54,160,1427,604,755,129,1147,551,46,388,316,663,763,2020,274,903,482,368,429,649,865,106,878,223,263,638,1062,156,669,1142,174,46,220,151,539,273,431,315,438,148,543
4/1/2011,2530,768,5049,1945,750,499,72,365,818,50,176,1196,643,527,93,1025,521,108,307,262,616,758,1957,305,896,439,243,345,615,761,115,778,172,257,555,1046,166,428,1116,103,69,198,146,416,259,468,288,345,196,561
5/1/2011,2943,776,5254,1859,762,476,114,405,796,47,133,1294,619,640,108,1205,521,68,407,299,584,753,1946,305,935,610,336,349,629,895,108,759,165,270,583,1075,194,472,1025,149,48,210,138,476,286,446,237,372,211,552
6/1/2011,2954,794,5352,1739,755,583,161,380,869,48,154,1276,640,664,114,1298,548,34,435,278,640,797,2222,313,918,573,341,402,608,934,119,888,181,290,583,1062,192,545,1037,115,56,205,156,458,282,453,287,436,168,674
7/1/2011,2904,829,4735,1464,680,509,112,347,779,53,181,1205,625,700,111,1006,517,85,338,256,588,720,1809,272,932,653,253,337,664,748,105,805,145,287,557,991,174,450,1037,127,61,179,112,376,290,471,309,440,214,481
8/1/2011,3351,853,5722,1943,883,565,144,381,974,50,145,1317,549,718,132,1227,522,61,387,354,639,988,2067,329,1038,612,318,374,710,858,112,1036,163,311,634,1226,217,537,1138,128,71,289,163,576,296,488,313,496,228,517
9/1/2011,2730,792,5865,1759,820,577,99,336,1054,57,157,1311,709,608,119,1170,496,50,393,303,665,929,2130,271,1026,541,320,403,664,797,115,997,149,341,585,1055,217,491,1151,139,55,208,126,406,237,482,301,445,226,614
10/1/2011,2665,765,5456,2023,743,513,121,395,881,43,171,1277,681,621,121,1241,447,60,331,288,644,679,2008,270,1027,569,320,382,710,722,95,865,127,351,608,1017,163,495,994,123,51,207,129,412,225,469,309,416,192,499
11/1/2011,2338,846,5723,1929,787,514,112,382,1013,56,181,1285,759,695,82,1333,602,60,473,325,851,823,2199,267,1157,632,318,373,762,890,134,1060,188,355,638,1112,101,635,1332,144,48,229,133,438,249,505,365,490,228,586
12/1/2011,2517,766,5605,2007,717,518,156,381,954,46,178,1356,607,602,149,1214,564,73,525,269,726,951,2111,274,1045,609,318,395,741,877,96,1282,226,331,696,1104,149,504,1031,133,55,223,140,600,257,461,364,491,438,588
1/1/2012,2624,917,6247,1794,756,579,126,415,1085,64,119,1321,687,603,105,1259,610,43,346,347,752,820,2182,314,1043,722,383,436,828,874,143,1032,166,488,690,1160,217,491,1187,148,52,225,163,520,252,574,340,489,433,501
2/1/2012,2973,891,6189,1988,762,693,118,455,1326,40,199,2070,785,615,98,1449,632,103,436,324,857,1081,2624,302,1327,668,435,439,881,1026,146,1096,196,378,661,1202,259,638,1247,144,55,210,112,571,365,687,365,504,652,690
3/1/2012,3438,906,5605,2005,823,692,127,530,1159,48,207,1239,807,635,128,1359,575,106,523,306,843,907,2364,306,1176,687,394,417,724,854,139,968,193,375,742,1218,265,596,1572,150,63,213,166,573,276,583,369,485,479,651
4/1/2012,3120,961,6026,1827,810,646,158,400,1334,54,197,1199,734,620,129,1335,670,95,648,337,820,815,2007,287,1189,752,353,351,673,861,111,969,171,453,632,1159,249,623,1220,161,65,223,134,574,271,441,279,483,244,639
5/1/2012,3745,1073,6726,2124,890,673,132,432,1479,53,179,1409,778,692,174,1339,666,94,619,393,869,902,2360,333,1217,796,467,501,765,889,132,1036,185,453,771,1168,247,618,1430,194,63,239,157,609,286,628,384,605,269,660
6/1/2012,3727,1096,6199,2136,887,705,143,384,1242,54,204,1452,692,640,143,1352,614,85,644,341,786,846,2422,286,1171,767,319,387,761,885,106,1055,176,412,690,1245,247,596,1335,156,113,252,189,514,278,611,326,514,226,560
7/1/2012,3882,1076,6355,2438,910,677,130,456,1474,59,200,1425,678,727,154,1297,639,63,679,434,868,829,2433,357,1120,721,465,453,736,931,101,1073,203,495,737,1302,224,597,1387,162,50,214,216,640,297,540,347,601,238,645
8/1/2012,3972,1226,6953,2559,944,734,144,443,1385,67,223,1542,689,729,122,1569,872,53,635,397,865,900,2568,340,1138,866,400,394,719,939,154,1064,192,523,837,1373,243,609,1561,161,61,235,146,645,336,635,377,547,336,683
9/1/2012,3529,1339,6605,2554,917,715,177,409,1359,53,231,1515,628,764,77,1432,713,60,664,290,847,887,2467,344,1102,810,340,434,758,956,127,1101,183,443,743,1241,215,559,1442,135,88,226,173,579,334,695,370,554,272,606
10/1/2012,4270,1344,7365,2550,1028,769,147,439,1460,53,172,1566,688,751,112,1834,853,89,768,374,978,966,2733,357,1319,907,431,443,824,1093,134,1343,228,470,810,1485,329,721,1655,137,70,273,242,763,431,958,429,734,333,754
11/1/2012,3478,1265,7397,2785,1002,797,183,506,1626,56,187,1818,627,737,167,1497,772,40,787,344,1011,972,2811,365,1076,1017,479,451,790,1123,130,1297,184,489,774,1474,271,578,1574,154,91,264,174,638,361,736,498,592,287,694
12/1/2012,3536,1140,6323,2570,1289,854,129,465,1090,65,159,1631,704,701,183,1551,766,55,660,442,965,909,2694,305,1179,768,422,420,844,922,103,1189,246,553,794,1371,316,658,1609,175,39,269,130,531,329,732,451,563,363,720
1/1/2013,4018,1336,7431,2959,1101,999,212,499,1583,62,196,1876,713,756,186,1840,888,67,899,327,1055,1107,2830,373,1225,776,401,589,730,1036,119,1350,224,505,790,1508,259,742,1647,229,93,278,138,659,430,786,493,719,447,750
2/1/2013,4105,1473,7057,3050,1116,837,192,563,1385,98,212,1938,729,665,256,1845,822,148,707,373,1003,1095,2895,339,1289,938,403,475,1041,1120,147,1259,221,560,777,1506,256,688,1567,192,80,299,215,607,353,656,464,758,376,751
3/1/2013,4841,1337,7047,2860,924,780,175,580,1535,61,227,1761,738,708,150,1763,895,76,744,389,945,965,2782,308,1408,932,385,443,978,1083,122,1212,211,529,734,1384,264,652,1581,160,80,299,182,552,388,640,436,691,269,587
4/1/2013,5011,1257,7787,2941,1119,808,177,585,1514,70,235,1958,792,722,232,1945,987,51,750,406,1096,1094,2947,288,1469,934,434,520,1083,1174,139,1298,266,583,817,1558,343,840,1635,172,76,329,182,692,391,771,484,764,345,750
5/1/2013,5458,1349,7554,3010,1108,960,202,588,1523,68,252,2021,776,778,171,2158,855,75,795,369,1117,1166,2958,286,1435,941,454,994,994,1040,120,1600,361,622,810,1765,250,899,1602,177,86,300,214,658,396,763,472,717,300,751
6/1/2013,5009,1227,7185,2564,1012,838,163,581,1538,65,211,1711,718,710,138,1834,865,79,645,419,1078,1014,2839,274,1321,982,411,505,960,1031,176,1194,178,589,801,1556,194,800,1562,185,80,298,165,466,295,657,458,729,318,748
7/1/2013,5170,1519,7776,2892,1244,908,190,566,1518,63,182,1902,753,741,153,2080,1016,74,673,380,1148,1162,2879,309,1444,1006,443,510,919,1113,133,1433,223,643,883,1522,274,904,1637,176,69,340,178,742,377,783,457,784,311,813
8/1/2013,5215,1289,7708,3593,1065,879,183,561,1475,67,227,1825,785,728,217,1933,941,53,852,348,1150,1067,3067,276,1341,981,449,541,924,1045,129,1238,203,551,857,1601,285,871,1456,174,60,314,201,784,351,719,461,752,421,812
9/1/2013,4371,1195,7253,2926,1034,926,159,599,1429,49,210,1652,788,735,149,2162,947,113,773,375,1132,1019,2880,326,1353,999,388,471,904,1021,121,1342,222,587,803,1676,292,889,1219,197,62,332,198,643,397,722,440,680,289,756
10/1/2013,4812,1378,7825,3278,1042,868,170,595,1617,86,241,1760,931,766,162,2153,897,87,822,370,1012,957,2895,310,1316,1061,363,516,996,971,132,1571,229,621,883,1811,244,968,1545,199,91,274,217,728,361,710,558,827,265,752
11/1/2013,4071,1139,7696,3021,999,933,155,563,1424,72,256,1775,825,646,168,2196,924,87,736,388,1063,1086,2685,301,1440,958,411,474,855,1061,125,1372,222,591,969,1813,256,912,1462,172,77,301,237,768,422,693,391,648,496,702
12/1/2013,3650,1427,7355,3338,986,844,121,547,1544,64,186,1586,756,650,136,2063,829,116,607,343,1130,909,2836,292,1356,905,352,511,850,941,141,1330,238,585,891,1642,200,864,1416,134,49,310,222,493,314,722,435,728,544,623
1/1/2014,4253,1516,7749,3511,978,826,170,592,1569,65,258,1618,838,605,178,1906,885,95,707,354,972,974,2787,285,1225,1020,354,460,895,950,125,1264,270,600,644,1610,248,819,1652,147,113,328,174,604,383,653,409,781,616,562
2/1/2014,4066,1402,8045,2978,940,799,88,501,1490,40,231,1736,737,761,103,1893,807,60,638,379,871,967,2804,291,981,952,354,444,717,1056,123,1413,276,557,818,1555,152,861,1305,162,75,330,177,436,246,669,392,627,1275,577
3/1/2014,4637,1456,7566,2905,987,775,141,562,1318,73,191,1578,765,700,126,2112,843,56,608,388,928,916,2687,306,1266,992,365,474,789,948,108,1342,163,540,823,1608,192,850,1327,165,85,299,159,526,332,748,325,680,421,637
4/1/2014,4952,1622,8044,2927,1002,845,139,614,1379,70,180,1640,783,744,134,1978,834,66,651,380,992,1019,2894,306,1215,907,361,502,888,1061,113,1427,205,516,1012,1706,262,825,1400,170,63,296,206,803,389,667,432,695,314,642
5/1/2014,5033,1434,8012,3032,1013,859,156,587,1398,75,231,1562,791,683,114,2071,917,64,697,387,1099,1035,2925,292,1438,923,348,512,859,1032,130,1224,193,598,827,1767,240,934,1349,155,68,320,180,586,371,678,429,699,522,710
6/1/2014,5046,1453,8126,3374,1069,859,173,566,1539,78,235,1603,809,750,145,2128,839,96,768,349,1070,1054,2821,282,1115,929,350,587,856,986,132,1397,212,519,822,1748,278,820,1443,179,66,308,175,647,328,715,466,747,758,746
7/1/2014,5422,1470,8707,3096,1050,915,173,553,1428,82,233,1706,879,744,165,2342,868,72,969,400,1158,1093,3167,276,1206,900,377,549,1003,1131,134,1491,201,530,863,2077,274,887,1546,190,84,323,215,594,358,722,418,760,782,781
8/1/2014,5200,1407,8065,2747,1047,836,140,457,1320,62,192,1552,707,668,132,2256,839,79,728,417,1027,1051,2888,366,1121,871,374,476,951,1023,110,1589,228,492,804,1799,210,811,1393,187,84,326,196,514,354,689,425,574,342,783
9/1/2014,4861,1433,8550,3114,1064,872,170,595,1697,66,244,1685,801,736,181,2217,852,61,790,396,1192,1133,3133,296,1150,1011,520,505,961,1003,122,1502,209,553,866,1958,266,1066,1508,191,81,404,132,623,393,712,447,768,636,779
10/1/2014,4934,1714,8705,3145,1086,968,148,577,1435,81,263,1786,734,805,171,2348,883,63,778,408,1194,1139,3265,400,1378,954,487,509,912,1162,117,1503,175,550,933,1945,250,886,1411,239,67,413,159,605,425,784,519,749,671,754
11/1/2014,3780,1230,7832,3181,1076,761,149,431,1390,54,175,1490,810,767,148,2235,807,57,724,338,967,956,2779,287,1111,968,320,381,928,916,118,1416,183,465,780,1621,176,836,1472,196,78,272,173,583,331,705,347,637,252,614
12/1/2014,4190,1484,9315,3346,1010,955,185,587,1631,75,282,1630,952,976,167,2517,1124,47,846,424,1074,1050,3141,305,1225,1100,474,532,846,1118,127,1613,195,751,1046,1901,269,856,1765,189,90,333,239,625,405,788,384,773,733,707
1/1/2015,4334,1440,8445,3287,938,1387,173,546,1495,58,244,1610,790,906,142,2421,823,61,685,466,1102,932,2726,315,1159,953,427,730,831,1057,113,1686,154,592,765,1978,271,849,1502,127,62,345,234,622,333,744,386,733,432,813
2/1/2015,4661,1450,8337,3278,822,943,192,359,1598,24,88,1345,567,738,161,2420,860,54,944,403,842,877,2745,256,828,963,451,467,830,1095,122,1562,148,618,642,1820,249,735,1534,72,73,335,225,545,372,701,392,768,142,718
3/1/2015,5285,1512,8565,3526,984,976,174,440,1749,57,196,1629,803,770,163,2369,824,187,930,476,1073,1012,3056,330,954,1018,437,476,833,1083,177,1746,197,600,756,1866,263,851,1534,136,68,336,166,585,392,669,396,761,202,803
4/1/2015,5825,1592,8954,3924,1085,916,184,511,1877,68,139,1794,871,840,144,2602,758,75,884,468,1165,1009,2902,339,1047,1079,531,593,945,1069,135,1883,202,635,894,2066,203,792,1585,174,87,344,231,550,443,805,400,902,281,872
5/1/2015,5551,1584,8215,3644,1084,927,221,507,1840,63,237,1526,810,763,195,2423,667,83,735,449,1037,943,2887,348,970,1028,460,555,1023,994,108,1787,218,529,895,1951,220,750,1557,167,75,332,217,651,406,768,391,869,267,798
6/1/2015,6617,1756,8922,3899,1092,1197,171,563,1861,93,246,1829,899,897,192,2785,833,89,885,555,1175,1079,3066,360,1164,1040,504,527,991,1120,125,2009,212,599,952,2014,186,910,1587,144,93,341,215,597,491,1067,412,948,310,793
7/1/2015,5890,1738,8678,3892,1185,1110,154,685,1987,67,257,1733,945,844,163,2934,944,112,872,523,1318,1026,3088,362,1185,1246,534,550,962,1186,156,1878,222,589,970,2146,236,855,1650,181,91,381,203,612,477,859,477,834,331,911
8/1/2015,5572,1577,8190,3672,1106,1040,160,692,1984,76,268,1501,943,841,168,2567,833,89,827,460,1028,1003,3124,323,1170,1197,424,555,1379,1012,131,1804,222,652,873,1817,187,870,1618,196,89,381,131,535,452,776,391,805,185,745
9/1/2015,5796,1703,9239,3737,1207,983,183,630,2107,81,240,2048,980,895,154,2800,878,48,870,553,1152,1008,3033,336,1110,1228,449,632,918,1155,122,2012,228,651,956,2176,204,853,1730,208,86,336,185,509,445,803,442,910,235,818
10/1/2015,5647,1769,9014,3585,1008,977,213,562,1994,69,250,1744,952,869,233,2803,861,71,853,549,1176,1075,3285,317,1086,1051,465,670,1082,1046,123,1937,194,637,825,1848,184,740,1762,187,102,355,174,458,426,728,421,787,299,820
11/1/2015,4965,1711,8469,3851,1188,900,188,621,1990,84,238,2135,938,878,165,2717,809,132,826,512,1130,1079,3119,328,1093,1234,455,676,774,1070,129,1974,205,634,929,1861,183,838,1717,186,79,339,206,469,414,711,475,863,263,837
12/1/2015,5456,1653,9157,3660,1340,975,237,633,2064,67,281,1802,1079,879,142,2657,863,167,1050,554,1211,1177,3368,354,1081,1373,542,638,1048,1056,137,2110,211,664,907,2200,200,953,1815,200,99,386,162,619,577,767,489,764,218,953
1/1/2016,5268,1692,7607,3188,1002,991,189,582,1946,76,271,1673,787,882,170,2680,770,73,819,539,1242,1094,2803,299,1214,1224,502,542,855,1068,122,1731,141,797,975,1879,225,773,1696,211,95,370,195,556,381,832,456,781,387,897
2/1/2016,5560,1812,8949,4209,1460,1209,214,642,2064,66,272,1549,890,906,135,2960,798,66,946,592,1371,1201,3281,325,1265,1349,581,706,802,1080,114,2132,199,645,923,1991,252,869,1869,98,102,412,195,647,479,918,431,1021,231,975
3/1/2016,6403,1778,9004,3917,1277,1147,207,715,2101,81,337,1875,927,991,171,2969,822,67,904,517,1378,1150,3282,290,1191,1263,509,707,1026,946,121,2111,264,735,999,2216,276,1034,1961,240,100,416,184,783,480,1107,485,887,304,947
4/1/2016,6144,1827,8588,4068,1214,1238,192,623,1969,69,370,1735,842,842,180,3104,769,110,983,558,1095,1134,3533,345,1342,1255,598,632,832,976,126,2026,220,710,894,2175,236,925,1859,245,83,438,204,652,377,856,415,906,238,889
5/1/2016,6863,1774,8912,4066,1197,1177,185,600,1889,74,312,1864,975,927,169,2920,764,93,937,577,1254,1152,3256,338,1188,1272,500,655,818,1138,138,2007,154,770,882,2151,239,759,1897,196,85,416,149,601,376,972,423,831,204,925
6/1/2016,7008,1814,9053,4219,1319,1085,185,656,2179,70,331,1718,1045,911,166,2929,825,109,999,542,1382,1155,3846,370,1470,1342,522,636,950,1181,130,2096,211,748,903,2178,272,737,1924,256,79,390,171,695,421,942,408,885,183,929
7/1/2016,6255,1721,8381,3283,1169,1017,202,559,1691,60,315,1522,910,874,163,2838,717,90,958,476,1327,1103,3208,291,917,1233,543,501,856,975,117,1994,196,748,790,1867,218,727,1744,186,79,344,124,389,389,835,408,815,153,825
8/1/2016,7403,1894,9408,4338,1302,1203,226,714,2007,78,289,1895,1004,1012,163,3138,810,116,880,539,1375,1220,3484,355,1239,1273,643,697,874,1195,117,2081,211,835,872,2380,291,693,1777,184,84,412,208,1160,439,1113,458,899,209,933
9/1/2016,6305,1846,9144,4465,1284,1178,186,573,2086,76,272,1754,1029,955,185,3129,808,109,1109,553,1432,1243,3635,329,1264,1287,513,649,942,1175,133,2300,207,798,911,2231,235,716,1708,256,90,427,182,731,404,912,360,833,203,981
10/1/2016,5589,1742,8872,4139,1164,928,218,596,2004,65,296,1482,999,820,208,2949,797,128,922,527,1079,1165,3433,316,1283,1228,746,560,844,1083,138,2254,245,737,915,1959,274,777,1688,269,89,374,180,632,440,684,423,910,203,890
11/1/2016,5245,1889,9190,4526,1465,1205,223,624,2241,82,306,1776,856,907,186,3175,760,134,1011,661,1432,1289,3627,393,1396,1601,562,751,912,1123,129,2232,191,781,878,2246,294,836,1855,254,96,428,201,724,507,1038,435,996,185,1013
12/1/2016,5884,2018,9675,5111,1306,1306,223,552,2112,101,393,2033,840,1045,183,3516,841,115,1039,576,1327,1056,3617,337,1275,1357,524,664,1068,1204,119,2301,193,717,852,2438,173,843,1823,200,92,409,206,725,379,934,435,893,123,1025
1/1/2017,6041,1900,9586,3521,1391,1190,149,601,2073,100,276,1907,1036,917,188,3211,785,112,958,544,1213,1386,3821,306,1253,1135,599,631,1016,1187,98,2341,239,515,875,2390,232,925,1813,234,80,372,202,658,580,945,424,786,123,887
2/1/2017,6105,1944,9647,4604,1358,1239,215,543,2175,78,323,2017,669,1045,201,3185,836,64,972,651,1342,1270,3542,331,1176,1366,639,693,1093,1114,126,2380,197,791,1013,2486,294,893,1883,159,91,378,213,855,608,1002,466,856,201,967
3/1/2017,7840,2025,10649,4710,1429,1465,230,819,2363,94,334,1928,986,1074,181,3477,852,128,1069,597,1749,1330,4286,342,1377,1532,584,764,1154,1211,139,2500,217,806,882,2407,288,759,1742,201,86,485,245,767,485,957,534,893,165,1165
4/1/2017,6980,1945,9249,4538,1353,1227,199,501,2130,65,358,1755,954,897,144,2999,777,86,984,617,1274,1097,3324,319,1231,1327,520,623,925,1067,135,1837,184,826,823,2140,284,729,1776,207,97,388,191,612,461,839,361,835,183,1042
5/1/2017,7889,2044,9874,4678,1360,1140,209,601,2407,83,282,1950,851,1040,179,3521,941,82,1121,548,1341,1313,4179,362,1447,1420,590,731,1016,1167,121,2458,233,808,864,2379,273,769,2088,194,106,414,241,551,500,782,450,929,207,951
6/1/2017,8248,1952,10039,5392,1385,1275,227,976,2212,94,273,2015,869,935,192,3430,826,75,1053,545,1431,1369,4028,323,1413,1561,615,720,1073,1137,110,2697,195,910,940,2358,291,788,1919,178,106,486,290,601,533,891,517,821,172,985
7/1/2017,7212,1789,9606,3903,1327,1104,198,596,2213,95,331,2088,757,949,178,3175,734,90,1087,573,1316,1227,3842,249,1315,1479,556,657,932,1051,109,2327,229,817,924,2160,201,789,1893,203,88,457,145,539,423,869,467,789,175,956
8/1/2017,8138,2431,9148,5106,1423,1193,213,614,2412,147,367,1969,985,1009,221,3507,742,99,1146,604,1470,1319,3806,329,1424,1636,682,702,1078,1138,135,2457,326,949,970,2677,285,931,2058,208,97,435,205,654,439,898,498,850,154,939
9/1/2017,5566,2075,9613,5262,1332,1245,217,658,2367,84,341,1903,1674,995,193,3303,715,130,1026,535,1235,1262,3834,359,1584,1452,725,717,1053,1106,129,2189,227,876,894,2152,259,827,1988,284,92,438,230,778,447,946,500,714,141,965
10/1/2017,6981,2155,9563,5338,1363,1287,231,639,2367,85,270,2099,885,1017,172,3356,740,88,1133,612,1294,1310,4050,368,1194,1577,634,690,918,1114,158,2263,202,1013,762,2600,289,814,2009,211,104,476,229,936,407,1053,419,786,197,964
11/1/2017,6232,2229,10535,5375,1282,1219,210,623,2494,76,432,2007,950,1128,167,3419,859,109,1190,583,1553,1354,4209,342,1326,1613,608,664,1082,1102,118,2356,213,963,927,2518,283,775,1991,225,101,442,183,1033,479,1077,606,909,223,1033
12/1/2017,6090,2459,9889,5550,1393,1140,193,689,2238,70,289,1939,866,1017,190,2939,745,62,1101,594,1474,1241,3459,423,1307,1466,593,701,894,944,85,2366,159,912,871,2326,295,756,2029,161,99,485,147,635,527,913,425,864,146,1016
1/1/2018,7300,2922,10460,5540,1381,1257,202,500,2584,71,203,1957,830,1044,177,3599,808,66,1248,489,1664,1304,4343,445,1242,1633,589,700,1055,1185,128,2302,194,1010,767,2528,295,754,2083,131,121,457,249,638,458,874,406,912,119,991
2/1/2018,6650,2618,10119,5250,1484,1159,181,648,2362,87,294,1935,916,1090,186,3465,827,93,1070,503,1440,1362,4237,437,1408,1601,606,658,1088,1020,130,2447,213,1014,815,2588,215,721,1953,253,107,452,222,644,423,959,458,899,155,1038
3/1/2018,7843,2466,9686,5799,1317,999,214,572,2396,78,258,1918,836,860,170,3481,733,70,1144,491,1370,1430,3970,415,1328,1412,736,703,942,1178,152,2328,180,975,969,2412,226,816,2122,257,109,430,235,675,487,1023,413,753,138,968
4/1/2018,8920,2357,10109,5195,1386,1176,255,544,2622,79,278,1931,880,1195,198,3575,849,71,1088,560,1478,1382,4083,384,1329,1681,638,735,1134,1355,110,2673,169,907,872,2452,259,840,2006,194,94,471,201,654,554,940,417,777,163,887
5/1/2018,8619,2420,10534,5775,1496,1316,230,604,2668,88,327,1781,967,1164,198,3482,798,108,1104,561,1481,1378,4202,364,1543,1758,659,690,1216,1507,122,2422,211,953,939,2531,290,897,1943,265,111,516,232,758,600,1003,523,927,180,1015
6/1/2018,9068,2436,10265,4915,1354,1214,254,598,2763,65,318,1841,843,1095,188,3500,732,91,931,707,1228,1275,4097,390,1335,1647,786,717,1053,1189,131,2361,263,987,862,2476,234,851,2013,239,110,433,162,630,367,948,401,818,179,1003
7/1/2018,8791,2356,11063,5556,1425,1280,250,530,2627,78,277,1781,988,1122,191,3530,758,82,1041,576,1260,1407,4285,390,1320,1552,591,723,1155,1117,128,2586,259,986,804,2623,241,803,1854,196,108,423,221,787,483,860,432,862,151,981
8/1/2018,8281,2319,10927,5356,1318,1306,229,566,2858,77,252,1726,926,1121,205,3459,796,99,1120,537,1468,1457,4144,373,1339,1528,566,688,1109,1135,118,2509,212,938,932,2578,250,773,2109,212,103,464,193,716,526,947,375,894,185,1055
9/1/2018,7203,2440,9993,5173,1207,1125,223,567,2331,64,335,1315,822,1043,165,3367,630,126,989,527,1213,1266,3176,283,1391,1531,446,678,945,1292,112,2217,219,963,765,2162,253,877,1923,164,103,410,244,474,454,721,402,908,185,926
10/1/2018,8413,2445,10121,5045,1271,1134,217,566,2609,84,379,2035,928,1079,174,3414,728,113,1075,514,1415,1371,3963,356,1933,1488,514,703,1049,1262,117,2280,287,1036,917,2539,213,1033,1992,199,91,499,242,601,481,856,507,883,158,940
11/1/2018,7239,2359,10434,4841,1436,1220,226,513,2450,76,356,1567,882,1130,201,3413,845,75,1079,525,1276,1512,4056,359,1377,1408,654,642,1002,1119,126,2339,255,1024,838,2624,237,876,1896,165,98,513,231,626,407,800,399,885,132,894
12/1/2018,6573,2047,9147,3996,911,887,184,485,3164,62,301,1551,838,988,209,2708,732,113,866,540,1089,1241,3652,338,1446,1576,544,625,948,1110,122,2186,321,916,715,2420,201,722,1670,220,91,443,211,611,330,737,332,827,228,885
1/1/2019,7795,2149,9227,4780,1192,1141,228,539,2518,67,367,1648,839,1097,268,3448,770,100,870,598,1025,1238,3651,342,1264,1355,590,673,1015,1173,117,2159,253,907,892,2619,254,788,1727,183,89,531,185,687,354,821,408,895,232,866
2/1/2019,7432,1998,9431,4225,1145,1039,144,502,2486,75,444,1617,952,1005,202,3302,764,143,1010,425,1152,1217,3767,315,1104,1382,558,644,732,1314,125,2106,251,804,778,2515,127,828,1588,209,85,463,195,558,367,661,341,591,123,830
3/1/2019,7977,1696,9696,4158,1180,998,148,476,2473,49,200,1423,872,1030,209,3221,774,92,860,524,1245,1132,3712,334,1354,1174,567,609,1026,1289,114,2148,236,956,727,2002,160,816,1742,139,90,451,212,440,294,727,285,779,79,838
4/1/2019,7861,2267,10176,5125,1438,1138,179,532,2666,81,245,1875,882,1295,176,3268,783,86,914,515,1368,1365,3943,344,1163,1479,584,686,1097,1234,137,2302,234,1018,867,2471,210,866,1913,211,108,400,175,802,504,875,400,863,186,964
5/1/2019,8841,2413,10196,4805,1268,1366,192,492,2709,82,291,1882,858,1057,195,3536,864,65,886,583,1328,1387,4575,353,1179,1335,681,804,999,1180,143,2524,245,1185,850,2681,231,948,1972,169,93,491,246,827,406,951,415,865,152,964
6/1/2019,8153,2376,9111,4815,1192,1279,193,432,2543,75,260,1706,792,1158,185,3268,722,66,954,527,1269,1290,3904,341,1268,1339,600,613,976,1064,118,2404,145,883,683,2337,246,966,1861,195,86,505,229,687,380,850,342,892,152,855
7/1/2019,9074,2621,10771,4985,1235,1252,177,547,2854,94,383,1789,832,1209,196,3668,1000,77,1331,577,1356,1429,4084,370,1244,1510,649,726,995,1371,121,2444,211,1001,791,2742,284,1130,2092,220,118,544,218,697,452,923,367,859,133,946
8/1/2019,9222,2538,11578,4877,1229,1111,191,479,2808,69,318,1946,755,1219,196,3594,834,107,964,599,1243,1410,4239,417,1216,1459,604,689,929,1308,144,2673,255,965,644,2643,234,1355,2003,197,102,434,253,841,416,891,367,867,184,925
9/1/2019,8193,2272,11387,4770,1409,1218,185,428,2820,98,247,1754,726,1152,183,3516,913,55,951,578,1412,1424,4167,352,1166,1386,693,704,1000,1123,120,2748,215,945,748,2647,270,750,1937,164,86,460,249,828,389,882,454,908,177,930
10/1/2019,9667,2465,12104,5390,1433,1282,161,502,3207,87,268,1713,684,1260,194,3880,956,54,1144,618,1339,1418,4559,448,1321,1619,701,787,943,1264,170,3014,193,1035,763,2790,310,982,2032,164,103,430,225,800,423,854,440,882,128,1013
11/1/2019,7256,2519,11288,5504,1370,1230,181,506,3044,61,243,1738,740,1261,214,3488,823,55,899,583,1164,1254,4211,386,1079,1521,720,672,1071,1218,126,2643,235,970,730,2580,240,1511,2322,201,99,429,202,652,369,819,410,809,141,878
12/1/2019,7674,2438,11677,5879,1329,1305,206,384,2835,84,245,1632,755,1265,178,3766,846,44,991,533,1346,1537,4263,337,1166,1519,739,571,922,1187,85,2538,141,1072,765,2702,263,825,2108,231,100,452,189,654,435,930,437,844,145,886
1/1/2020,9265,2389,11899,5682,1442,1186,259,654,3526,92,278,1981,919,1312,278,3522,864,97,1413,671,1396,1564,4674,398,1589,1662,684,838,1061,1236,135,2866,224,999,886,2796,219,1119,2047,251,109,502,164,776,454,949,470,828,192,1118
2/1/2020,8649,2640,12049,6394,1438,1130,232,504,3163,96,315,2005,766,1293,206,3414,891,118,1122,609,1315,1471,4618,379,1372,1711,672,724,1083,1214,107,2523,296,1169,854,2746,290,1236,1985,268,113,557,157,744,451,980,420,809,175,1013
3/1/2020,9641,2470,11224,3788,1291,1078,207,518,2904,75,334,1635,753,1279,225,3007,937,73,1115,605,1094,1325,4393,354,1186,1509,594,611,818,1374,101,2452,212,897,654,2782,258,1164,1871,226,32,523,180,603,382,824,440,801,168,866
4/1/2020,8135,1830,9014,2624,1286,1135,132,313,2240,70,291,1528,380,1224,200,2774,948,47,638,599,384,1129,3890,271,553,1403,599,555,847,1046,107,2265,251,837,627,2391,205,647,1052,201,65,466,171,517,342,851,326,609,134,825
5/1/2020,8042,2190,8991,3039,1134,946,158,473,2371,62,274,1517,607,1035,198,2625,662,91,547,471,1007,1097,3623,280,1272,1326,598,603,714,1023,121,1876,194,959,636,2044,261,712,1641,163,72,385,154,686,363,856,383,682,147,812
6/1/2020,8764,2534,11222,4959,1455,1253,153,558,3202,84,386,1694,931,1320,205,3273,1084,159,880,785,1319,1587,4365,384,1383,1629,681,772,958,1362,143,2713,222,997,840,2666,404,923,1950,252,95,495,186,927,440,1000,469,833,172,1032
7/1/2020,9864,3074,14204,5105,1613,1485,211,637,3744,66,365,2404,923,1459,233,4391,1114,107,1302,694,1650,1704,5129,390,1557,1744,751,819,1105,1395,146,3244,236,1143,911,3348,295,918,2112,271,103,581,208,1210,482,1116,584,907,174,1118
8/1/2020,10100,2796,14291,5494,1704,1430,204,541,3562,93,379,1845,879,1415,220,4248,1061,93,1178,646,1275,1601,4795,348,1458,1791,791,859,1001,1422,141,2952,203,1119,837,3159,341,944,1983,253,110,699,190,774,468,1036,540,887,190,1131
9/1/2020,10633,3259,15290,6896,1739,1616,230,639,4452,84,489,2173,1163,1585,257,4811,1159,110,1444,699,1450,1883,5637,415,1774,2138,832,842,1432,1516,169,3147,495,1364,953,3525,336,1078,2245,323,127,757,166,928,587,1240,503,801,242,1195
10/1/2020,11596,3213,15169,6265,1706,1499,230,606,4213,70,425,2222,943,1580,302,4641,1138,97,1178,640,1522,1832,5186,422,1239,2045,786,756,1333,1446,149,3106,251,1155,855,3483,261,1167,2253,272,123,764,251,726,536,1016,504,1114,191,1214
11/1/2020,9439,3039,14879,5507,1716,1481,242,587,4052,81,456,2272,1104,1450,249,4591,1155,110,1290,691,1437,1734,5367,443,1707,2242,833,868,1115,1487,156,2996,252,1239,856,3377,341,1006,2121,300,122,562,185,859,558,1022,531,1100,146,1102
12/1/2020,11019,3656,17718,6001,1890,1679,425,637,4624,92,514,2399,1318,1780,252,4487,1249,211,1843,700,1834,1863,5545,417,1723,2187,899,912,1277,1638,177,3460,262,1398,1007,4106,437,1180,2282,258,127,839,210,967,528,1152,540,1219,223,1183
1/1/2021,11074,3262,14528,5592,1754,1698,212,564,4018,91,453,2281,1145,1601,236,4388,1224,104,1436,687,1551,1913,5409,419,2052,2295,977,924,1166,1509,170,3111,245,1366,979,3559,441,1296,2327,266,109,630,238,856,505,980,529,966,247,1292
2/1/2021,9669,2802,12918,5835,1803,1737,184,664,4099,90,350,2083,797,1353,268,4410,1046,69,1292,552,1565,1853,5269,450,2178,2127,809,817,1216,1365,172,2778,251,1236,984,3267,421,1170,2373,281,113,726,207,901,495,1120,586,1021,200,1160
3/1/2021,12762,3211,14921,5756,2137,2014,338,622,4061,99,531,2144,1235,1535,318,4681,1222,132,1306,704,1864,2050,5709,520,1919,2399,952,1006,1226,1601,164,3663,313,1377,968,3592,392,1342,2538,449,114,726,192,1190,588,1388,542,1162,271,1427
4/1/2021,12749,3018,15334,5899,1899,1713,254,585,4301,133,542,2225,1048,1536,238,4749,1245,127,1281,686,1441,2004,5543,555,1948,2767,1057,927,1122,1896,206,3200,293,1391,1060,3880,366,1512,2159,287,114,738,240,968,609,1373,711,1120,188,1333
5/1/2021,12702,2694,15206,5342,1535,1461,272,612,3751,87,510,2157,933,1554,265,4274,1107,121,1242,615,1303,1821,5101,477,1426,2309,778,862,932,1371,136,3267,264,1153,845,3281,341,1224,1840,329,96,608,190,766,534,995,515,945,167,959
6/1/2021,14372,3000,14591,5378,1749,1393,259,555,4018,91,452,2380,975,1512,281,4555,1169,115,1267,621,1340,1867,5592,444,1673,2246,869,801,996,1950,160,3118,252,1257,903,3953,322,1075,2067,289,99,658,192,793,501,910,524,916,145,1115
7/1/2021,13042,2669,14230,5426,1652,1302,235,459,3688,80,415,1968,649,1394,238,4152,1119,76,980,519,1264,1660,5231,416,1653,1830,975,771,907,1455,184,2935,211,1155,807,3855,331,1015,1979,211,96,630,194,718,503,948,404,995,197,906
8/1/2021,12876,2826,13695,5531,1530,1391,249,534,3604,83,449,1818,1030,1360,265,4065,1228,109,1654,624,1253,1590,5263,445,1721,2140,879,807,961,1345,145,3050,233,1131,1066,3044,301,1200,2023,304,91,567,182,763,478,990,470,999,165,928
9/1/2021,12162,2798,14108,5612,1548,1316,251,535,3529,77,362,1899,909,1528,264,4144,1099,79,1367,677,1263,1700,5293,492,1378,2332,758,822,960,1342,159,3016,235,1168,884,3691,322,1069,2033,253,87,563,156,752,534,1043,439,944,122,978
10/1/2021,11310,2531,13691,5116,1497,1339,232,418,3406,85,410,1880,1062,1409,264,3896,1082,157,1307,678,950,1661,4995,390,1300,1621,981,830,923,1381,138,3006,225,1058,717,3486,328,1157,1891,235,79,549,149,788,485,1103,482,816,128,937
11/1/2021,10626,2690,14585,5782,1626,1677,252,567,3904,93,406,1987,856,1501,251,4243,1196,101,1535,680,1380,1798,5667,435,1726,2025,897,931,872,1511,173,3350,279,1170,940,3554,354,1183,2035,248,90,557,271,855,542,1201,440,885,195,1158
12/1/2021,11256,2742,15295,4767,1681,1352,255,626,3693,91,598,1967,1019,1597,304,4264,1200,107,1594,698,1292,1946,5584,481,2382,2120,901,946,985,1511,182,3143,343,1189,967,3649,344,1387,2059,297,87,563,211,851,569,1285,525,913,169,1312
1/1/2022,11878,2683,15289,5859,1650,1441,339,644,4527,88,461,1829,969,1460,280,4227,1171,147,1464,659,1323,2079,5695,462,1590,2095,881,915,915,1424,202,3191,280,1247,851,3392,364,1213,1981,298,97,573,185,787,586,1141,474,971,164,1122
2/1/2022,11884,2595,15107,5790,1541,1460,513,612,4156,83,399,2130,1175,1615,272,4388,1120,112,1521,682,1275,1878,6480,475,1463,2153,810,927,951,1499,216,3236,298,1290,895,3488,363,1347,2096,266,105,557,217,832,538,970,501,1062,218,1158
3/1/2022,13267,2695,15354,6101,1679,1454,325,616,4382,78,395,2191,965,1667,269,4626,1148,117,1513,740,1376,1750,6290,466,1454,2245,952,871,968,1247,225,3515,222,1315,967,3397,419,1231,2064,279,103,549,243,792,520,1070,519,1022,199,1151
4/1/2022,13511,2402,14861,5528,1636,1290,232,478,3567,86,427,1955,902,1569,306,4252,1030,116,1371,632,1230,1627,6128,632,1318,2120,855,703,917,1320,182,3163,159,1263,882,3454,378,1252,1851,287,93,532,171,731,483,1048,445,986,180,1020
